doc_id,source_pdf_path,source_filename,route,year,extract_status,structured_status,embedding_status,metrics_status,extract_method,page_count,error_message,last_stage_run,artifact_version,updated_at
jae_90944b221a70,/Volumes/Clemons_Data/_Anchors/Research_Data/JAE_Legacy_Audit/data/raw/Route_A_Modern/2026.pdf,2026.pdf,Route_A_Modern,2026,pending,success,pending,pending,,,,structured_status,1.0,2026-03-22T11:48:47.071992+00:00
jae_e53ec5d6271f,/Volumes/Clemons_Data/_Anchors/Research_Data/JAE_Legacy_Audit/data/raw/Route_B_Legacy/Vol1_1.pdf,Vol1_1.json,Route_B_Legacy,1960,pending,pending,success,success,,,,metrics_status,1.0,2026-03-18T17:31:46.057543+00:00
jae_legacy_1960_56fc71cc4f,/Volumes/Clemons_Data/_Anchors/Research_Data/JAE_Legacy_Audit/data/raw/Route_B_Legacy/1960/10.5032_jaatea.1960.02001.pdf,10.5032_jaatea.1960.02001.pdf,Route_B_Legacy,1960,pending,pending,pending,pending,,,,,1.0,2026-03-21T12:01:53.524399+00:00
jae_legacy_1960_fe26bb8f7b,/Volumes/Clemons_Data/_Anchors/Research_Data/JAE_Legacy_Audit/data/raw/Route_B_Legacy/1960/10.5032_jaatea.1960.01001.pdf,10.5032_jaatea.1960.01001.pdf,Route_B_Legacy,1960,pending,pending,pending,pending,,,,,1.0,2026-03-21T12:01:53.524627+00:00
jae_legacy_1960_b741a0c8fb,/Volumes/Clemons_Data/_Anchors/Research_Data/JAE_Legacy_Audit/data/raw/Route_B_Legacy/1960/10.5032_jaatea.1960.02019.pdf,10.5032_jaatea.1960.02019.pdf,Route_B_Legacy,1960,pending,pending,pending,pending,,,,,1.0,2026-03-21T12:01:53.524652+00:00
jae_legacy_1960_af9a339011,/Volumes/Clemons_Data/_Anchors/Research_Data/JAE_Legacy_Audit/data/raw/Route_B_Legacy/1960/10.5032_jaatea.1960.02006.pdf,10.5032_jaatea.1960.02006.pdf,Route_B_Legacy,1960,pending,pending,pending,pending,,,,,1.0,2026-03-21T12:01:53.524667+00:00
jae_legacy_1960_30cbebd9aa,/Volumes/Clemons_Data/_Anchors/Research_Data/JAE_Legacy_Audit/data/raw/Route_B_Legacy/1960/10.5032_jaatea.1960.02026.pdf,10.5032_jaatea.1960.02026.pdf,Route_B_Legacy,1960,pending,pending,pending,pending,,,,,1.0,2026-03-21T12:01:53.524683+00:00
jae_legacy_1960_2224ded235,/Volumes/Clemons_Data/_Anchors/Research_Data/JAE_Legacy_Audit/data/raw/Route_B_Legacy/1960/10.5032_jaatea.1960.02028.pdf,10.5032_jaatea.1960.02028.pdf,Route_B_Legacy,1960,pending,pending,pending,pending,,,,,1.0,2026-03-21T12:01:53.524695+00:00
jae_legacy_1960_c1efcd299d,/Volumes/Clemons_Data/_Anchors/Research_Data/JAE_Legacy_Audit/data/raw/Route_B_Legacy/1960/10.5032_jaatea.1960.02022.pdf,10.5032_jaatea.1960.02022.pdf,Route_B_Legacy,1960,pending,pending,pending,pending,,,,,1.0,2026-03-21T12:01:53.524709+00:00
jae_legacy_1960_fc915810a1,/Volumes/Clemons_Data/_Anchors/Research_Data/JAE_Legacy_Audit/data/raw/Route_B_Legacy/1960/10.5032_jaatea.1960.02021.pdf,10.5032_jaatea.1960.02021.pdf,Route_B_Legacy,1960,pending,pending,pending,pending,,,,,1.0,2026-03-21T12:01:53.524722+00:00
jae_legacy_1960_16f3144961,/Volumes/Clemons_Data/_Anchors/Research_Data/JAE_Legacy_Audit/data/raw/Route_B_Legacy/1960/10.5032_jaatea.1960.02030.pdf,10.5032_jaatea.1960.02030.pdf,Route_B_Legacy,1960,pending,pending,pending,pending,,,,,1.0,2026-03-21T12:01:53.524733+00:00
jae_legacy_1960_476a6c70ca,/Volumes/Clemons_Data/_Anchors/Research_Data/JAE_Legacy_Audit/data/raw/Route_B_Legacy/1960/10.5032_jaatea.1960.02027.pdf,10.5032_jaatea.1960.02027.pdf,Route_B_Legacy,1960,pending,pending,pending,pending,,,,,1.0,2026-03-21T12:01:53.524744+00:00
jae_legacy_1960_24c5ffa5ba,/Volumes/Clemons_Data/_Anchors/Research_Data/JAE_Legacy_Audit/data/raw/Route_B_Legacy/1960/10.5032_jaatea.1960.02012.pdf,10.5032_jaatea.1960.02012.pdf,Route_B_Legacy,1960,pending,pending,pending,pending,,,,,1.0,2026-03-21T12:01:53.524758+00:00
jae_legacy_1960_1eceae4496,/Volumes/Clemons_Data/_Anchors/Research_Data/JAE_Legacy_Audit/data/raw/Route_B_Legacy/1960/10.5032_jaatea.1960.02007.pdf,10.5032_jaatea.1960.02007.pdf,Route_B_Legacy,1960,pending,pending,pending,pending,,,,,1.0,2026-03-21T12:01:53.524769+00:00
jae_legacy_1960_8ee1010be2,/Volumes/Clemons_Data/_Anchors/Research_Data/JAE_Legacy_Audit/data/raw/Route_B_Legacy/1960/10.5032_jaatea.1960.02018.pdf,10.5032_jaatea.1960.02018.pdf,Route_B_Legacy,1960,pending,pending,pending,pending,,,,,1.0,2026-03-21T12:01:53.524780+00:00
jae_legacy_1960_af645c4053,/Volumes/Clemons_Data/_Anchors/Research_Data/JAE_Legacy_Audit/data/raw/Route_B_Legacy/1960/10.5032_jaatea.1960.02029.pdf,10.5032_jaatea.1960.02029.pdf,Route_B_Legacy,1960,pending,pending,pending,pending,,,,,1.0,2026-03-21T12:01:53.524791+00:00
jae_legacy_1960_76b206878d,/Volumes/Clemons_Data/_Anchors/Research_Data/JAE_Legacy_Audit/data/raw/Route_B_Legacy/1960/10.5032_jaatea.1960.02002.pdf,10.5032_jaatea.1960.02002.pdf,Route_B_Legacy,1960,pending,pending,pending,pending,,,,,1.0,2026-03-21T12:01:53.524801+00:00
jae_legacy_1961_e31fa82bef,/Volumes/Clemons_Data/_Anchors/Research_Data/JAE_Legacy_Audit/data/raw/Route_B_Legacy/1961/10.5032_jaatea.1961.01013.pdf,10.5032_jaatea.1961.01013.pdf,Route_B_Legacy,1961,pending,pending,pending,pending,,,,,1.0,2026-03-21T12:01:53.524813+00:00
jae_legacy_1961_672e50d000,/Volumes/Clemons_Data/_Anchors/Research_Data/JAE_Legacy_Audit/data/raw/Route_B_Legacy/1961/10.5032_jaatea.1961.02012.pdf,10.5032_jaatea.1961.02012.pdf,Route_B_Legacy,1961,pending,pending,pending,pending,,,,,1.0,2026-03-21T12:01:53.524824+00:00
jae_legacy_1961_75178f5e85,/Volumes/Clemons_Data/_Anchors/Research_Data/JAE_Legacy_Audit/data/raw/Route_B_Legacy/1961/10.5032_jaatea.1961.01028.pdf,10.5032_jaatea.1961.01028.pdf,Route_B_Legacy,1961,pending,pending,pending,pending,,,,,1.0,2026-03-21T12:01:53.524835+00:00
jae_legacy_1961_a147f6fa3d,/Volumes/Clemons_Data/_Anchors/Research_Data/JAE_Legacy_Audit/data/raw/Route_B_Legacy/1961/10.5032_jaatea.1961.02005.pdf,10.5032_jaatea.1961.02005.pdf,Route_B_Legacy,1961,pending,pending,pending,pending,,,,,1.0,2026-03-21T12:01:53.524845+00:00
jae_legacy_1961_cadef95fdb,/Volumes/Clemons_Data/_Anchors/Research_Data/JAE_Legacy_Audit/data/raw/Route_B_Legacy/1961/10.5032_jaatea.1961.01025.pdf,10.5032_jaatea.1961.01025.pdf,Route_B_Legacy,1961,pending,pending,pending,pending,,,,,1.0,2026-03-21T12:01:53.524857+00:00
jae_legacy_1961_766d3499c7,/Volumes/Clemons_Data/_Anchors/Research_Data/JAE_Legacy_Audit/data/raw/Route_B_Legacy/1961/10.5032_jaatea.1961.01026.pdf,10.5032_jaatea.1961.01026.pdf,Route_B_Legacy,1961,pending,pending,pending,pending,,,,,1.0,2026-03-21T12:01:53.524870+00:00
jae_legacy_1961_4301bb47ae,/Volumes/Clemons_Data/_Anchors/Research_Data/JAE_Legacy_Audit/data/raw/Route_B_Legacy/1961/10.5032_jaatea.1961.01024.pdf,10.5032_jaatea.1961.01024.pdf,Route_B_Legacy,1961,pending,pending,pending,pending,,,,,1.0,2026-03-21T12:01:53.524881+00:00
jae_legacy_1961_497706e5e5,/Volumes/Clemons_Data/_Anchors/Research_Data/JAE_Legacy_Audit/data/raw/Route_B_Legacy/1961/10.5032_jaatea.1961.02007.pdf,10.5032_jaatea.1961.02007.pdf,Route_B_Legacy,1961,pending,pending,pending,pending,,,,,1.0,2026-03-21T12:01:53.524891+00:00
jae_legacy_1961_5c346fcaa2,/Volumes/Clemons_Data/_Anchors/Research_Data/JAE_Legacy_Audit/data/raw/Route_B_Legacy/1961/10.5032_jaatea.1961.01019.pdf,10.5032_jaatea.1961.01019.pdf,Route_B_Legacy,1961,pending,pending,pending,pending,,,,,1.0,2026-03-21T12:01:53.524901+00:00
jae_legacy_1961_9d3c9fc2bd,/Volumes/Clemons_Data/_Anchors/Research_Data/JAE_Legacy_Audit/data/raw/Route_B_Legacy/1961/10.5032_jaatea.1961.02013.pdf,10.5032_jaatea.1961.02013.pdf,Route_B_Legacy,1961,pending,pending,pending,pending,,,,,1.0,2026-03-21T12:01:53.524911+00:00
jae_legacy_1961_b92198d9e0,/Volumes/Clemons_Data/_Anchors/Research_Data/JAE_Legacy_Audit/data/raw/Route_B_Legacy/1961/10.5032_jaatea.1961.01023.pdf,10.5032_jaatea.1961.01023.pdf,Route_B_Legacy,1961,pending,pending,pending,pending,,,,,1.0,2026-03-21T12:01:53.524921+00:00
jae_legacy_1961_46aa8f3923,/Volumes/Clemons_Data/_Anchors/Research_Data/JAE_Legacy_Audit/data/raw/Route_B_Legacy/1961/10.5032_jaatea.1961.01022.pdf,10.5032_jaatea.1961.01022.pdf,Route_B_Legacy,1961,pending,pending,pending,pending,,,,,1.0,2026-03-21T12:01:53.524932+00:00
jae_legacy_1961_74202029f9,/Volumes/Clemons_Data/_Anchors/Research_Data/JAE_Legacy_Audit/data/raw/Route_B_Legacy/1961/10.5032_jaatea.1961.02002.pdf,10.5032_jaatea.1961.02002.pdf,Route_B_Legacy,1961,pending,pending,pending,pending,,,,,1.0,2026-03-21T12:01:53.524943+00:00
jae_legacy_1961_3f4329dd4b,/Volumes/Clemons_Data/_Anchors/Research_Data/JAE_Legacy_Audit/data/raw/Route_B_Legacy/1961/10.5032_jaatea.1961.01015.pdf,10.5032_jaatea.1961.01015.pdf,Route_B_Legacy,1961,pending,pending,pending,pending,,,,,1.0,2026-03-21T12:01:53.524953+00:00
jae_legacy_1961_0322c40af9,/Volumes/Clemons_Data/_Anchors/Research_Data/JAE_Legacy_Audit/data/raw/Route_B_Legacy/1961/10.5032_jaatea.1961.01021.pdf,10.5032_jaatea.1961.01021.pdf,Route_B_Legacy,1961,pending,pending,pending,pending,,,,,1.0,2026-03-21T12:01:53.524964+00:00
jae_legacy_1961_0fcab2b914,/Volumes/Clemons_Data/_Anchors/Research_Data/JAE_Legacy_Audit/data/raw/Route_B_Legacy/1961/10.5032_jaatea.1961.02009.pdf,10.5032_jaatea.1961.02009.pdf,Route_B_Legacy,1961,pending,pending,pending,pending,,,,,1.0,2026-03-21T12:01:53.524976+00:00
jae_legacy_1961_e5c44cd85f,/Volumes/Clemons_Data/_Anchors/Research_Data/JAE_Legacy_Audit/data/raw/Route_B_Legacy/1961/10.5032_jaatea.1961.01010.pdf,10.5032_jaatea.1961.01010.pdf,Route_B_Legacy,1961,pending,pending,pending,pending,,,,,1.0,2026-03-21T12:01:53.524989+00:00
jae_legacy_1961_f8a5aae560,/Volumes/Clemons_Data/_Anchors/Research_Data/JAE_Legacy_Audit/data/raw/Route_B_Legacy/1961/10.5032_jaatea.1961.01001.pdf,10.5032_jaatea.1961.01001.pdf,Route_B_Legacy,1961,pending,pending,pending,pending,,,,,1.0,2026-03-21T12:01:53.525001+00:00
jae_legacy_1961_0dcadc50bf,/Volumes/Clemons_Data/_Anchors/Research_Data/JAE_Legacy_Audit/data/raw/Route_B_Legacy/1961/10.5032_jaatea.1961.01002.pdf,10.5032_jaatea.1961.01002.pdf,Route_B_Legacy,1961,pending,pending,pending,pending,,,,,1.0,2026-03-21T12:01:53.525011+00:00
jae_legacy_1961_3743e47bfa,/Volumes/Clemons_Data/_Anchors/Research_Data/JAE_Legacy_Audit/data/raw/Route_B_Legacy/1961/10.5032_jaatea.1961.02003.pdf,10.5032_jaatea.1961.02003.pdf,Route_B_Legacy,1961,pending,pending,pending,pending,,,,,1.0,2026-03-21T12:01:53.525023+00:00
jae_legacy_1962_fd1afe2322,/Volumes/Clemons_Data/_Anchors/Research_Data/JAE_Legacy_Audit/data/raw/Route_B_Legacy/1962/10.5032_jaatea.1962.01017.pdf,10.5032_jaatea.1962.01017.pdf,Route_B_Legacy,1962,pending,pending,pending,pending,,,,,1.0,2026-03-21T12:01:53.525033+00:00
jae_legacy_1962_6832c16637,/Volumes/Clemons_Data/_Anchors/Research_Data/JAE_Legacy_Audit/data/raw/Route_B_Legacy/1962/10.5032_jaatea.1962.01008.pdf,10.5032_jaatea.1962.01008.pdf,Route_B_Legacy,1962,pending,pending,pending,pending,,,,,1.0,2026-03-21T12:01:53.525045+00:00
jae_legacy_1962_b32096a174,/Volumes/Clemons_Data/_Anchors/Research_Data/JAE_Legacy_Audit/data/raw/Route_B_Legacy/1962/10.5032_jaatea.1962.01028.pdf,10.5032_jaatea.1962.01028.pdf,Route_B_Legacy,1962,pending,pending,pending,pending,,,,,1.0,2026-03-21T12:01:53.525056+00:00
jae_legacy_1962_5ee2f0b3e6,/Volumes/Clemons_Data/_Anchors/Research_Data/JAE_Legacy_Audit/data/raw/Route_B_Legacy/1962/10.5032_jaatea.1962.01021.pdf,10.5032_jaatea.1962.01021.pdf,Route_B_Legacy,1962,pending,pending,pending,pending,,,,,1.0,2026-03-21T12:01:53.525069+00:00
jae_legacy_1962_ada45b8603,/Volumes/Clemons_Data/_Anchors/Research_Data/JAE_Legacy_Audit/data/raw/Route_B_Legacy/1962/10.5032_jaatea.1962.02017.pdf,10.5032_jaatea.1962.02017.pdf,Route_B_Legacy,1962,pending,pending,pending,pending,,,,,1.0,2026-03-21T12:01:53.525081+00:00
jae_legacy_1962_6301d4abcd,/Volumes/Clemons_Data/_Anchors/Research_Data/JAE_Legacy_Audit/data/raw/Route_B_Legacy/1962/10.5032_jaatea.1962.01005.pdf,10.5032_jaatea.1962.01005.pdf,Route_B_Legacy,1962,pending,pending,pending,pending,,,,,1.0,2026-03-21T12:01:53.525090+00:00
jae_legacy_1962_ccf12cbbc7,/Volumes/Clemons_Data/_Anchors/Research_Data/JAE_Legacy_Audit/data/raw/Route_B_Legacy/1962/10.5032_jaatea.1962.02010.pdf,10.5032_jaatea.1962.02010.pdf,Route_B_Legacy,1962,pending,pending,pending,pending,,,,,1.0,2026-03-21T12:01:53.525101+00:00
jae_legacy_1962_e15874c636,/Volumes/Clemons_Data/_Anchors/Research_Data/JAE_Legacy_Audit/data/raw/Route_B_Legacy/1962/10.5032_jaatea.1962.01002.pdf,10.5032_jaatea.1962.01002.pdf,Route_B_Legacy,1962,pending,pending,pending,pending,,,,,1.0,2026-03-21T12:01:53.525110+00:00
jae_legacy_1962_3481404e1f,/Volumes/Clemons_Data/_Anchors/Research_Data/JAE_Legacy_Audit/data/raw/Route_B_Legacy/1962/10.5032_jaatea.1962.01001.pdf,10.5032_jaatea.1962.01001.pdf,Route_B_Legacy,1962,pending,pending,pending,pending,,,,,1.0,2026-03-21T12:01:53.525120+00:00
jae_legacy_1962_0c04755baf,/Volumes/Clemons_Data/_Anchors/Research_Data/JAE_Legacy_Audit/data/raw/Route_B_Legacy/1962/10.5032_jaatea.1962.01027.pdf,10.5032_jaatea.1962.01027.pdf,Route_B_Legacy,1962,pending,pending,pending,pending,,,,,1.0,2026-03-21T12:01:53.525130+00:00
jae_legacy_1962_ba326d0c4f,/Volumes/Clemons_Data/_Anchors/Research_Data/JAE_Legacy_Audit/data/raw/Route_B_Legacy/1962/10.5032_jaatea.1962.01018.pdf,10.5032_jaatea.1962.01018.pdf,Route_B_Legacy,1962,pending,pending,pending,pending,,,,,1.0,2026-03-21T12:01:53.525139+00:00
jae_legacy_1962_825696248e,/Volumes/Clemons_Data/_Anchors/Research_Data/JAE_Legacy_Audit/data/raw/Route_B_Legacy/1962/10.5032_jaatea.1962.02024.pdf,10.5032_jaatea.1962.02024.pdf,Route_B_Legacy,1962,pending,pending,pending,pending,,,,,1.0,2026-03-21T12:01:53.525149+00:00
jae_legacy_1962_a0606171a0,/Volumes/Clemons_Data/_Anchors/Research_Data/JAE_Legacy_Audit/data/raw/Route_B_Legacy/1962/10.5032_jaatea.1962.01024.pdf,10.5032_jaatea.1962.01024.pdf,Route_B_Legacy,1962,pending,pending,pending,pending,,,,,1.0,2026-03-21T12:01:53.525159+00:00
jae_legacy_1962_090ac7c712,/Volumes/Clemons_Data/_Anchors/Research_Data/JAE_Legacy_Audit/data/raw/Route_B_Legacy/1962/10.5032_jaatea.1962.01026.pdf,10.5032_jaatea.1962.01026.pdf,Route_B_Legacy,1962,pending,pending,pending,pending,,,,,1.0,2026-03-21T12:01:53.525173+00:00
jae_legacy_1962_fc98907bbf,/Volumes/Clemons_Data/_Anchors/Research_Data/JAE_Legacy_Audit/data/raw/Route_B_Legacy/1962/10.5032_jaatea.1962.02008.pdf,10.5032_jaatea.1962.02008.pdf,Route_B_Legacy,1962,pending,pending,pending,pending,,,,,1.0,2026-03-21T12:01:53.525182+00:00
jae_legacy_1962_e0df225de2,/Volumes/Clemons_Data/_Anchors/Research_Data/JAE_Legacy_Audit/data/raw/Route_B_Legacy/1962/10.5032_jaatea.1962.01006.pdf,10.5032_jaatea.1962.01006.pdf,Route_B_Legacy,1962,pending,pending,pending,pending,,,,,1.0,2026-03-21T12:01:53.525195+00:00
jae_legacy_1962_d4b25894bf,/Volumes/Clemons_Data/_Anchors/Research_Data/JAE_Legacy_Audit/data/raw/Route_B_Legacy/1962/10.5032_jaatea.1962.02002.pdf,10.5032_jaatea.1962.02002.pdf,Route_B_Legacy,1962,pending,pending,pending,pending,,,,,1.0,2026-03-21T12:01:53.525205+00:00
jae_legacy_1962_76ec7ecc7b,/Volumes/Clemons_Data/_Anchors/Research_Data/JAE_Legacy_Audit/data/raw/Route_B_Legacy/1962/10.5032_jaatea.1962.01010.pdf,10.5032_jaatea.1962.01010.pdf,Route_B_Legacy,1962,pending,pending,pending,pending,,,,,1.0,2026-03-21T12:01:53.525217+00:00
jae_legacy_1962_638651ab63,/Volumes/Clemons_Data/_Anchors/Research_Data/JAE_Legacy_Audit/data/raw/Route_B_Legacy/1962/10.5032_jaatea.1962.02018.pdf,10.5032_jaatea.1962.02018.pdf,Route_B_Legacy,1962,pending,pending,pending,pending,,,,,1.0,2026-03-21T12:01:53.525226+00:00
jae_legacy_1962_df7c908fb0,/Volumes/Clemons_Data/_Anchors/Research_Data/JAE_Legacy_Audit/data/raw/Route_B_Legacy/1962/10.5032_jaatea.1962.02011.pdf,10.5032_jaatea.1962.02011.pdf,Route_B_Legacy,1962,pending,pending,pending,pending,,,,,1.0,2026-03-21T12:01:53.525236+00:00
jae_legacy_1962_f3cce3e349,/Volumes/Clemons_Data/_Anchors/Research_Data/JAE_Legacy_Audit/data/raw/Route_B_Legacy/1962/10.5032_jaatea.1962.01015.pdf,10.5032_jaatea.1962.01015.pdf,Route_B_Legacy,1962,pending,pending,pending,pending,,,,,1.0,2026-03-21T12:01:53.525245+00:00
jae_legacy_1963_3d779077a0,/Volumes/Clemons_Data/_Anchors/Research_Data/JAE_Legacy_Audit/data/raw/Route_B_Legacy/1963/10.5032_jaatea.1963.02015.pdf,10.5032_jaatea.1963.02015.pdf,Route_B_Legacy,1963,pending,pending,pending,pending,,,,,1.0,2026-03-21T12:01:53.525256+00:00
jae_legacy_1963_47d7fcb30c,/Volumes/Clemons_Data/_Anchors/Research_Data/JAE_Legacy_Audit/data/raw/Route_B_Legacy/1963/10.5032_jaatea.1963.01001.pdf,10.5032_jaatea.1963.01001.pdf,Route_B_Legacy,1963,pending,pending,pending,pending,,,,,1.0,2026-03-21T12:01:53.525266+00:00
jae_legacy_1963_d0aaaecc29,/Volumes/Clemons_Data/_Anchors/Research_Data/JAE_Legacy_Audit/data/raw/Route_B_Legacy/1963/10.5032_jaatea.1963.02001.pdf,10.5032_jaatea.1963.02001.pdf,Route_B_Legacy,1963,pending,pending,pending,pending,,,,,1.0,2026-03-21T12:01:53.525278+00:00
jae_legacy_1963_69cef4e65a,/Volumes/Clemons_Data/_Anchors/Research_Data/JAE_Legacy_Audit/data/raw/Route_B_Legacy/1963/10.5032_jaatea.1963.01011.pdf,10.5032_jaatea.1963.01011.pdf,Route_B_Legacy,1963,pending,pending,pending,pending,,,,,1.0,2026-03-21T12:01:53.525288+00:00
jae_legacy_1963_a4732a993a,/Volumes/Clemons_Data/_Anchors/Research_Data/JAE_Legacy_Audit/data/raw/Route_B_Legacy/1963/10.5032_jaatea.1963.02010.pdf,10.5032_jaatea.1963.02010.pdf,Route_B_Legacy,1963,pending,pending,pending,pending,,,,,1.0,2026-03-21T12:01:53.525297+00:00
jae_legacy_1963_314e4c07c3,/Volumes/Clemons_Data/_Anchors/Research_Data/JAE_Legacy_Audit/data/raw/Route_B_Legacy/1963/10.5032_jaatea.1963.02002.pdf,10.5032_jaatea.1963.02002.pdf,Route_B_Legacy,1963,pending,pending,pending,pending,,,,,1.0,2026-03-21T12:01:53.525306+00:00
jae_legacy_1963_9fea53dddd,/Volumes/Clemons_Data/_Anchors/Research_Data/JAE_Legacy_Audit/data/raw/Route_B_Legacy/1963/10.5032_jaatea.1963.02020.pdf,10.5032_jaatea.1963.02020.pdf,Route_B_Legacy,1963,pending,pending,pending,pending,,,,,1.0,2026-03-21T12:01:53.525316+00:00
jae_legacy_1963_dd33a4c318,/Volumes/Clemons_Data/_Anchors/Research_Data/JAE_Legacy_Audit/data/raw/Route_B_Legacy/1963/10.5032_jaatea.1963.01002.pdf,10.5032_jaatea.1963.01002.pdf,Route_B_Legacy,1963,pending,pending,pending,pending,,,,,1.0,2026-03-21T12:01:53.525326+00:00
jae_legacy_1963_ea4c32e18e,/Volumes/Clemons_Data/_Anchors/Research_Data/JAE_Legacy_Audit/data/raw/Route_B_Legacy/1963/10.5032_jaatea.1963.02005.pdf,10.5032_jaatea.1963.02005.pdf,Route_B_Legacy,1963,pending,pending,pending,pending,,,,,1.0,2026-03-21T12:01:53.525336+00:00
jae_legacy_1963_445821a9e5,/Volumes/Clemons_Data/_Anchors/Research_Data/JAE_Legacy_Audit/data/raw/Route_B_Legacy/1963/10.5032_jaatea.1963.01008.pdf,10.5032_jaatea.1963.01008.pdf,Route_B_Legacy,1963,pending,pending,pending,pending,,,,,1.0,2026-03-21T12:01:53.525345+00:00
jae_legacy_1963_e468f36c54,/Volumes/Clemons_Data/_Anchors/Research_Data/JAE_Legacy_Audit/data/raw/Route_B_Legacy/1963/10.5032_jaatea.1963.02011.pdf,10.5032_jaatea.1963.02011.pdf,Route_B_Legacy,1963,pending,pending,pending,pending,,,,,1.0,2026-03-21T12:01:53.525355+00:00
jae_legacy_1963_2bc04102a1,/Volumes/Clemons_Data/_Anchors/Research_Data/JAE_Legacy_Audit/data/raw/Route_B_Legacy/1963/10.5032_jaatea.1964.01022.pdf,10.5032_jaatea.1964.01022.pdf,Route_B_Legacy,1963,pending,pending,pending,pending,,,,,1.0,2026-03-21T12:01:53.525365+00:00
jae_legacy_1963_95c1486643,/Volumes/Clemons_Data/_Anchors/Research_Data/JAE_Legacy_Audit/data/raw/Route_B_Legacy/1963/10.5032_jaatea.1963.01014.pdf,10.5032_jaatea.1963.01014.pdf,Route_B_Legacy,1963,pending,pending,pending,pending,,,,,1.0,2026-03-21T12:01:53.525374+00:00
jae_legacy_1963_0e071bb8b3,/Volumes/Clemons_Data/_Anchors/Research_Data/JAE_Legacy_Audit/data/raw/Route_B_Legacy/1963/10.5032_jaatea.1963.02017.pdf,10.5032_jaatea.1963.02017.pdf,Route_B_Legacy,1963,pending,pending,pending,pending,,,,,1.0,2026-03-21T12:01:53.525384+00:00
jae_legacy_1963_fdc188990e,/Volumes/Clemons_Data/_Anchors/Research_Data/JAE_Legacy_Audit/data/raw/Route_B_Legacy/1963/10.5032_jaatea.1963.01019.pdf,10.5032_jaatea.1963.01019.pdf,Route_B_Legacy,1963,pending,pending,pending,pending,,,,,1.0,2026-03-21T12:01:53.525394+00:00
jae_legacy_1963_cc4e0bacd8,/Volumes/Clemons_Data/_Anchors/Research_Data/JAE_Legacy_Audit/data/raw/Route_B_Legacy/1963/10.5032_jaatea.1963.02003.pdf,10.5032_jaatea.1963.02003.pdf,Route_B_Legacy,1963,pending,pending,pending,pending,,,,,1.0,2026-03-21T12:01:53.525403+00:00
jae_legacy_1964_49aaefb697,/Volumes/Clemons_Data/_Anchors/Research_Data/JAE_Legacy_Audit/data/raw/Route_B_Legacy/1964/10.5032_jaatea.1964.01015.pdf,10.5032_jaatea.1964.01015.pdf,Route_B_Legacy,1964,pending,pending,pending,pending,,,,,1.0,2026-03-21T12:01:53.525413+00:00
jae_legacy_1964_3c6230c49c,/Volumes/Clemons_Data/_Anchors/Research_Data/JAE_Legacy_Audit/data/raw/Route_B_Legacy/1964/10.5032_jaatea.1964.02006.pdf,10.5032_jaatea.1964.02006.pdf,Route_B_Legacy,1964,pending,pending,pending,pending,,,,,1.0,2026-03-21T12:01:53.525424+00:00
jae_legacy_1964_80dc10991b,/Volumes/Clemons_Data/_Anchors/Research_Data/JAE_Legacy_Audit/data/raw/Route_B_Legacy/1964/10.5032_jaatea.1964.01001.pdf,10.5032_jaatea.1964.01001.pdf,Route_B_Legacy,1964,pending,pending,pending,pending,,,,,1.0,2026-03-21T12:01:53.525434+00:00
jae_legacy_1964_2912a5c42a,/Volumes/Clemons_Data/_Anchors/Research_Data/JAE_Legacy_Audit/data/raw/Route_B_Legacy/1964/10.5032_jaatea.1964.01010.pdf,10.5032_jaatea.1964.01010.pdf,Route_B_Legacy,1964,pending,pending,pending,pending,,,,,1.0,2026-03-21T12:01:53.525444+00:00
jae_legacy_1964_4c96c1ae6b,/Volumes/Clemons_Data/_Anchors/Research_Data/JAE_Legacy_Audit/data/raw/Route_B_Legacy/1964/10.5032_jaatea.1964.01016.pdf,10.5032_jaatea.1964.01016.pdf,Route_B_Legacy,1964,pending,pending,pending,pending,,,,,1.0,2026-03-21T12:01:53.525454+00:00
jae_legacy_1964_7fe68d129d,/Volumes/Clemons_Data/_Anchors/Research_Data/JAE_Legacy_Audit/data/raw/Route_B_Legacy/1964/10.5032_jaatea.1964.02003.pdf,10.5032_jaatea.1964.02003.pdf,Route_B_Legacy,1964,pending,pending,pending,pending,,,,,1.0,2026-03-21T12:01:53.525464+00:00
jae_legacy_1964_218dbf859e,/Volumes/Clemons_Data/_Anchors/Research_Data/JAE_Legacy_Audit/data/raw/Route_B_Legacy/1964/10.5032_jaatea.1964.02008.pdf,10.5032_jaatea.1964.02008.pdf,Route_B_Legacy,1964,pending,pending,pending,pending,,,,,1.0,2026-03-21T12:01:53.525473+00:00
jae_legacy_1964_3e9f967187,/Volumes/Clemons_Data/_Anchors/Research_Data/JAE_Legacy_Audit/data/raw/Route_B_Legacy/1964/10.5032_jaatea.1964.02014.pdf,10.5032_jaatea.1964.02014.pdf,Route_B_Legacy,1964,pending,pending,pending,pending,,,,,1.0,2026-03-21T12:01:53.525483+00:00
jae_legacy_1964_e8b2a15c5c,/Volumes/Clemons_Data/_Anchors/Research_Data/JAE_Legacy_Audit/data/raw/Route_B_Legacy/1964/10.5032_jaatea.1964.01005.pdf,10.5032_jaatea.1964.01005.pdf,Route_B_Legacy,1964,pending,pending,pending,pending,,,,,1.0,2026-03-21T12:01:53.525496+00:00
jae_legacy_1964_0cde992218,/Volumes/Clemons_Data/_Anchors/Research_Data/JAE_Legacy_Audit/data/raw/Route_B_Legacy/1964/10.5032_jaatea.1964.01002.pdf,10.5032_jaatea.1964.01002.pdf,Route_B_Legacy,1964,pending,pending,pending,pending,,,,,1.0,2026-03-21T12:01:53.525508+00:00
jae_legacy_1964_f2a4da1ef4,/Volumes/Clemons_Data/_Anchors/Research_Data/JAE_Legacy_Audit/data/raw/Route_B_Legacy/1964/10.5032_jaatea.1964.02001.pdf,10.5032_jaatea.1964.02001.pdf,Route_B_Legacy,1964,pending,pending,pending,pending,,,,,1.0,2026-03-21T12:01:53.525520+00:00
jae_legacy_1964_27e2cb9734,/Volumes/Clemons_Data/_Anchors/Research_Data/JAE_Legacy_Audit/data/raw/Route_B_Legacy/1964/10.5032_jaatea.1964.02018.pdf,10.5032_jaatea.1964.02018.pdf,Route_B_Legacy,1964,pending,pending,pending,pending,,,,,1.0,2026-03-21T12:01:53.525530+00:00
jae_legacy_1964_08203c7f3d,/Volumes/Clemons_Data/_Anchors/Research_Data/JAE_Legacy_Audit/data/raw/Route_B_Legacy/1964/10.5032_jaatea.1964.01009.pdf,10.5032_jaatea.1964.01009.pdf,Route_B_Legacy,1964,pending,pending,pending,pending,,,,,1.0,2026-03-21T12:01:53.525542+00:00
jae_legacy_1964_dfbf9d5bd1,/Volumes/Clemons_Data/_Anchors/Research_Data/JAE_Legacy_Audit/data/raw/Route_B_Legacy/1964/10.5032_jaatea.1964.02022.pdf,10.5032_jaatea.1964.02022.pdf,Route_B_Legacy,1964,pending,pending,pending,pending,,,,,1.0,2026-03-21T12:01:53.525552+00:00
jae_legacy_1965_0a1a7bc226,/Volumes/Clemons_Data/_Anchors/Research_Data/JAE_Legacy_Audit/data/raw/Route_B_Legacy/1965/10.5032_jaatea.1965.01020.pdf,10.5032_jaatea.1965.01020.pdf,Route_B_Legacy,1965,pending,pending,pending,pending,,,,,1.0,2026-03-21T12:01:53.525562+00:00
jae_legacy_1965_2747476c8c,/Volumes/Clemons_Data/_Anchors/Research_Data/JAE_Legacy_Audit/data/raw/Route_B_Legacy/1965/10.5032_jaatea.1965.01010.pdf,10.5032_jaatea.1965.01010.pdf,Route_B_Legacy,1965,pending,pending,pending,pending,,,,,1.0,2026-03-21T12:01:53.525573+00:00
jae_legacy_1965_cd440d554c,/Volumes/Clemons_Data/_Anchors/Research_Data/JAE_Legacy_Audit/data/raw/Route_B_Legacy/1965/10.5032_jaatea.1965.01029.pdf,10.5032_jaatea.1965.01029.pdf,Route_B_Legacy,1965,pending,pending,pending,pending,,,,,1.0,2026-03-21T12:01:53.525583+00:00
jae_legacy_1965_89ab919747,/Volumes/Clemons_Data/_Anchors/Research_Data/JAE_Legacy_Audit/data/raw/Route_B_Legacy/1965/10.5032_jaatea.1965.01003.pdf,10.5032_jaatea.1965.01003.pdf,Route_B_Legacy,1965,pending,pending,pending,pending,,,,,1.0,2026-03-21T12:01:53.525596+00:00
jae_legacy_1965_bd5d25beed,/Volumes/Clemons_Data/_Anchors/Research_Data/JAE_Legacy_Audit/data/raw/Route_B_Legacy/1965/10.5032_jaatea.1965.01027.pdf,10.5032_jaatea.1965.01027.pdf,Route_B_Legacy,1965,pending,pending,pending,pending,,,,,1.0,2026-03-21T12:01:53.525606+00:00
jae_legacy_1965_4f9246beae,/Volumes/Clemons_Data/_Anchors/Research_Data/JAE_Legacy_Audit/data/raw/Route_B_Legacy/1965/10.5032_jaatea.1965.01001.pdf,10.5032_jaatea.1965.01001.pdf,Route_B_Legacy,1965,pending,pending,pending,pending,,,,,1.0,2026-03-21T12:01:53.525616+00:00
jae_legacy_1965_75b7c8af7d,/Volumes/Clemons_Data/_Anchors/Research_Data/JAE_Legacy_Audit/data/raw/Route_B_Legacy/1965/10.5032_jaatea.1965.01025.pdf,10.5032_jaatea.1965.01025.pdf,Route_B_Legacy,1965,pending,pending,pending,pending,,,,,1.0,2026-03-21T12:01:53.525626+00:00
jae_legacy_1965_7eace27d44,/Volumes/Clemons_Data/_Anchors/Research_Data/JAE_Legacy_Audit/data/raw/Route_B_Legacy/1965/10.5032_jaatea.1965.01023.pdf,10.5032_jaatea.1965.01023.pdf,Route_B_Legacy,1965,pending,pending,pending,pending,,,,,1.0,2026-03-21T12:01:53.525635+00:00
jae_legacy_1966_efe97ef70f,/Volumes/Clemons_Data/_Anchors/Research_Data/JAE_Legacy_Audit/data/raw/Route_B_Legacy/1966/10.5032_jaatea.1966.02027.pdf,10.5032_jaatea.1966.02027.pdf,Route_B_Legacy,1966,pending,pending,pending,pending,,,,,1.0,2026-03-21T12:01:53.525645+00:00
jae_legacy_1966_c532691c77,/Volumes/Clemons_Data/_Anchors/Research_Data/JAE_Legacy_Audit/data/raw/Route_B_Legacy/1966/10.5032_jaatea.1966.02011.pdf,10.5032_jaatea.1966.02011.pdf,Route_B_Legacy,1966,pending,pending,pending,pending,,,,,1.0,2026-03-21T12:01:53.525655+00:00
jae_legacy_1966_f1adbf94c6,/Volumes/Clemons_Data/_Anchors/Research_Data/JAE_Legacy_Audit/data/raw/Route_B_Legacy/1966/10.5032_jaatea.1966.02014.pdf,10.5032_jaatea.1966.02014.pdf,Route_B_Legacy,1966,pending,pending,pending,pending,,,,,1.0,2026-03-21T12:01:53.525666+00:00
jae_legacy_1966_0bfa32c300,/Volumes/Clemons_Data/_Anchors/Research_Data/JAE_Legacy_Audit/data/raw/Route_B_Legacy/1966/10.5032_jaatea.1966.02007.pdf,10.5032_jaatea.1966.02007.pdf,Route_B_Legacy,1966,pending,pending,pending,pending,,,,,1.0,2026-03-21T12:01:53.525678+00:00
jae_legacy_1966_14583fc885,/Volumes/Clemons_Data/_Anchors/Research_Data/JAE_Legacy_Audit/data/raw/Route_B_Legacy/1966/10.5032_jaatea.1966.02001.pdf,10.5032_jaatea.1966.02001.pdf,Route_B_Legacy,1966,pending,pending,pending,pending,,,,,1.0,2026-03-21T12:01:53.525690+00:00
jae_legacy_1966_b4756ad7c6,/Volumes/Clemons_Data/_Anchors/Research_Data/JAE_Legacy_Audit/data/raw/Route_B_Legacy/1966/10.5032_jaatea.1966.02026.pdf,10.5032_jaatea.1966.02026.pdf,Route_B_Legacy,1966,pending,pending,pending,pending,,,,,1.0,2026-03-21T12:01:53.525700+00:00
jae_legacy_1966_16e589438b,/Volumes/Clemons_Data/_Anchors/Research_Data/JAE_Legacy_Audit/data/raw/Route_B_Legacy/1966/10.5032_jaatea.1966.02017.pdf,10.5032_jaatea.1966.02017.pdf,Route_B_Legacy,1966,pending,pending,pending,pending,,,,,1.0,2026-03-21T12:01:53.525710+00:00
jae_legacy_1966_331986b10a,/Volumes/Clemons_Data/_Anchors/Research_Data/JAE_Legacy_Audit/data/raw/Route_B_Legacy/1966/10.5032_jaatea.1966.02021.pdf,10.5032_jaatea.1966.02021.pdf,Route_B_Legacy,1966,pending,pending,pending,pending,,,,,1.0,2026-03-21T12:01:53.525719+00:00
jae_legacy_1967_4c2b9cfb7f,/Volumes/Clemons_Data/_Anchors/Research_Data/JAE_Legacy_Audit/data/raw/Route_B_Legacy/1967/10.5032_jaatea.1967.02005.pdf,10.5032_jaatea.1967.02005.pdf,Route_B_Legacy,1967,pending,pending,pending,pending,,,,,1.0,2026-03-21T12:01:53.525729+00:00
jae_legacy_1967_6c1c6a1ce9,/Volumes/Clemons_Data/_Anchors/Research_Data/JAE_Legacy_Audit/data/raw/Route_B_Legacy/1967/10.5032_jaatea.1967.01004.pdf,10.5032_jaatea.1967.01004.pdf,Route_B_Legacy,1967,pending,pending,pending,pending,,,,,1.0,2026-03-21T12:01:53.525739+00:00
jae_legacy_1967_9c80f53cc6,/Volumes/Clemons_Data/_Anchors/Research_Data/JAE_Legacy_Audit/data/raw/Route_B_Legacy/1967/10.5032_jaatea.1967.02003.pdf,10.5032_jaatea.1967.02003.pdf,Route_B_Legacy,1967,pending,pending,pending,pending,,,,,1.0,2026-03-21T12:01:53.525748+00:00
jae_legacy_1967_3c11c41f20,/Volumes/Clemons_Data/_Anchors/Research_Data/JAE_Legacy_Audit/data/raw/Route_B_Legacy/1967/10.5032_jaatea.1967.01005.pdf,10.5032_jaatea.1967.01005.pdf,Route_B_Legacy,1967,pending,pending,pending,pending,,,,,1.0,2026-03-21T12:01:53.525758+00:00
jae_legacy_1967_5ae5b04213,/Volumes/Clemons_Data/_Anchors/Research_Data/JAE_Legacy_Audit/data/raw/Route_B_Legacy/1967/10.5032_jaatea.1967.02017.pdf,10.5032_jaatea.1967.02017.pdf,Route_B_Legacy,1967,pending,pending,pending,pending,,,,,1.0,2026-03-21T12:01:53.525768+00:00
jae_legacy_1967_3553af09db,/Volumes/Clemons_Data/_Anchors/Research_Data/JAE_Legacy_Audit/data/raw/Route_B_Legacy/1967/10.5032_jaatea.1967.02019.pdf,10.5032_jaatea.1967.02019.pdf,Route_B_Legacy,1967,pending,pending,pending,pending,,,,,1.0,2026-03-21T12:01:53.525778+00:00
jae_legacy_1967_15a4ba672a,/Volumes/Clemons_Data/_Anchors/Research_Data/JAE_Legacy_Audit/data/raw/Route_B_Legacy/1967/10.5032_jaatea.1967.01001.pdf,10.5032_jaatea.1967.01001.pdf,Route_B_Legacy,1967,pending,pending,pending,pending,,,,,1.0,2026-03-21T12:01:53.525792+00:00
jae_legacy_1967_3c77b9fc3b,/Volumes/Clemons_Data/_Anchors/Research_Data/JAE_Legacy_Audit/data/raw/Route_B_Legacy/1967/10.5032_jaatea.1967.01028.pdf,10.5032_jaatea.1967.01028.pdf,Route_B_Legacy,1967,pending,pending,pending,pending,,,,,1.0,2026-03-21T12:01:53.525801+00:00
jae_legacy_1967_831dd8bdb5,/Volumes/Clemons_Data/_Anchors/Research_Data/JAE_Legacy_Audit/data/raw/Route_B_Legacy/1967/10.5032_jaatea.1967.02001.pdf,10.5032_jaatea.1967.02001.pdf,Route_B_Legacy,1967,pending,pending,pending,pending,,,,,1.0,2026-03-21T12:01:53.525814+00:00
jae_legacy_1967_6d496eeb72,/Volumes/Clemons_Data/_Anchors/Research_Data/JAE_Legacy_Audit/data/raw/Route_B_Legacy/1967/10.5032_jaatea.1967.02010.pdf,10.5032_jaatea.1967.02010.pdf,Route_B_Legacy,1967,pending,pending,pending,pending,,,,,1.0,2026-03-21T12:01:53.525824+00:00
jae_legacy_1967_fad42f7605,/Volumes/Clemons_Data/_Anchors/Research_Data/JAE_Legacy_Audit/data/raw/Route_B_Legacy/1967/10.5032_jaatea.1967.02013.pdf,10.5032_jaatea.1967.02013.pdf,Route_B_Legacy,1967,pending,pending,pending,pending,,,,,1.0,2026-03-21T12:01:53.525834+00:00
jae_legacy_1967_2cc8ed164e,/Volumes/Clemons_Data/_Anchors/Research_Data/JAE_Legacy_Audit/data/raw/Route_B_Legacy/1967/10.5032_jaatea.1967.02024.pdf,10.5032_jaatea.1967.02024.pdf,Route_B_Legacy,1967,pending,pending,pending,pending,,,,,1.0,2026-03-21T12:01:53.525844+00:00
jae_legacy_1968_dea31f672f,/Volumes/Clemons_Data/_Anchors/Research_Data/JAE_Legacy_Audit/data/raw/Route_B_Legacy/1968/10.5032_jaatea.1968.01030.pdf,10.5032_jaatea.1968.01030.pdf,Route_B_Legacy,1968,pending,pending,pending,pending,,,,,1.0,2026-03-21T12:01:53.525854+00:00
jae_legacy_1968_febeb7d224,/Volumes/Clemons_Data/_Anchors/Research_Data/JAE_Legacy_Audit/data/raw/Route_B_Legacy/1968/10.5032_jaatea.1968.02015.pdf,10.5032_jaatea.1968.02015.pdf,Route_B_Legacy,1968,pending,pending,pending,pending,,,,,1.0,2026-03-21T12:01:53.525864+00:00
jae_legacy_1968_8475decaf5,/Volumes/Clemons_Data/_Anchors/Research_Data/JAE_Legacy_Audit/data/raw/Route_B_Legacy/1968/10.5032_jaatea.1968.02020.pdf,10.5032_jaatea.1968.02020.pdf,Route_B_Legacy,1968,pending,pending,pending,pending,,,,,1.0,2026-03-21T12:01:53.525875+00:00
jae_legacy_1968_b1b0c61178,/Volumes/Clemons_Data/_Anchors/Research_Data/JAE_Legacy_Audit/data/raw/Route_B_Legacy/1968/10.5032_jaatea.1968.02023.pdf,10.5032_jaatea.1968.02023.pdf,Route_B_Legacy,1968,pending,pending,pending,pending,,,,,1.0,2026-03-21T12:01:53.525887+00:00
jae_legacy_1968_7c254bc9af,/Volumes/Clemons_Data/_Anchors/Research_Data/JAE_Legacy_Audit/data/raw/Route_B_Legacy/1968/10.5032_jaatea.1968.02011.pdf,10.5032_jaatea.1968.02011.pdf,Route_B_Legacy,1968,pending,pending,pending,pending,,,,,1.0,2026-03-21T12:01:53.525899+00:00
jae_legacy_1968_479a469ca1,/Volumes/Clemons_Data/_Anchors/Research_Data/JAE_Legacy_Audit/data/raw/Route_B_Legacy/1968/10.5032_jaatea.1968.01009.pdf,10.5032_jaatea.1968.01009.pdf,Route_B_Legacy,1968,pending,pending,pending,pending,,,,,1.0,2026-03-21T12:01:53.525910+00:00
jae_legacy_1968_8607cb3b32,/Volumes/Clemons_Data/_Anchors/Research_Data/JAE_Legacy_Audit/data/raw/Route_B_Legacy/1968/10.5032_jaatea.1968.02029.pdf,10.5032_jaatea.1968.02029.pdf,Route_B_Legacy,1968,pending,pending,pending,pending,,,,,1.0,2026-03-21T12:01:53.525922+00:00
jae_legacy_1968_51bea919e3,/Volumes/Clemons_Data/_Anchors/Research_Data/JAE_Legacy_Audit/data/raw/Route_B_Legacy/1968/10.5032_jaatea.1968.01028.pdf,10.5032_jaatea.1968.01028.pdf,Route_B_Legacy,1968,pending,pending,pending,pending,,,,,1.0,2026-03-21T12:01:53.525934+00:00
jae_legacy_1968_b0df922003,/Volumes/Clemons_Data/_Anchors/Research_Data/JAE_Legacy_Audit/data/raw/Route_B_Legacy/1968/10.5032_jaatea.1968.02004.pdf,10.5032_jaatea.1968.02004.pdf,Route_B_Legacy,1968,pending,pending,pending,pending,,,,,1.0,2026-03-21T12:01:53.525946+00:00
jae_legacy_1968_047438a0ad,/Volumes/Clemons_Data/_Anchors/Research_Data/JAE_Legacy_Audit/data/raw/Route_B_Legacy/1968/10.5032_jaatea.1968.01014.pdf,10.5032_jaatea.1968.01014.pdf,Route_B_Legacy,1968,pending,pending,pending,pending,,,,,1.0,2026-03-21T12:01:53.525958+00:00
jae_legacy_1968_aec69fa258,/Volumes/Clemons_Data/_Anchors/Research_Data/JAE_Legacy_Audit/data/raw/Route_B_Legacy/1968/10.5032_jaatea.1968.01006.pdf,10.5032_jaatea.1968.01006.pdf,Route_B_Legacy,1968,pending,pending,pending,pending,,,,,1.0,2026-03-21T12:01:53.525970+00:00
jae_legacy_1968_2392e32790,/Volumes/Clemons_Data/_Anchors/Research_Data/JAE_Legacy_Audit/data/raw/Route_B_Legacy/1968/10.5032_jaatea.1968.02019.pdf,10.5032_jaatea.1968.02019.pdf,Route_B_Legacy,1968,pending,pending,pending,pending,,,,,1.0,2026-03-21T12:01:53.525982+00:00
jae_legacy_1968_826245b597,/Volumes/Clemons_Data/_Anchors/Research_Data/JAE_Legacy_Audit/data/raw/Route_B_Legacy/1968/10.5032_jaatea.1968.01003.pdf,10.5032_jaatea.1968.01003.pdf,Route_B_Legacy,1968,pending,pending,pending,pending,,,,,1.0,2026-03-21T12:01:53.525994+00:00
jae_legacy_1968_4b11884a1c,/Volumes/Clemons_Data/_Anchors/Research_Data/JAE_Legacy_Audit/data/raw/Route_B_Legacy/1968/10.5032_jaatea.1968.01018.pdf,10.5032_jaatea.1968.01018.pdf,Route_B_Legacy,1968,pending,pending,pending,pending,,,,,1.0,2026-03-21T12:01:53.526007+00:00
jae_legacy_1968_febca112a8,/Volumes/Clemons_Data/_Anchors/Research_Data/JAE_Legacy_Audit/data/raw/Route_B_Legacy/1968/10.5032_jaatea.1968.01021.pdf,10.5032_jaatea.1968.01021.pdf,Route_B_Legacy,1968,pending,pending,pending,pending,,,,,1.0,2026-03-21T12:01:53.526017+00:00
jae_legacy_1968_e8da989477,/Volumes/Clemons_Data/_Anchors/Research_Data/JAE_Legacy_Audit/data/raw/Route_B_Legacy/1968/10.5032_jaatea.1968.02007.pdf,10.5032_jaatea.1968.02007.pdf,Route_B_Legacy,1968,pending,pending,pending,pending,,,,,1.0,2026-03-21T12:01:53.526026+00:00
jae_legacy_1969_f89625f096,/Volumes/Clemons_Data/_Anchors/Research_Data/JAE_Legacy_Audit/data/raw/Route_B_Legacy/1969/10.5032_jaatea.1969.01003.pdf,10.5032_jaatea.1969.01003.pdf,Route_B_Legacy,1969,pending,pending,pending,pending,,,,,1.0,2026-03-21T12:01:53.526037+00:00
jae_legacy_1969_e143ddbf9f,/Volumes/Clemons_Data/_Anchors/Research_Data/JAE_Legacy_Audit/data/raw/Route_B_Legacy/1969/10.5032_jaatea.1969.01002.pdf,10.5032_jaatea.1969.01002.pdf,Route_B_Legacy,1969,pending,pending,pending,pending,,,,,1.0,2026-03-21T12:01:53.526046+00:00
jae_legacy_1969_6ec10ba428,/Volumes/Clemons_Data/_Anchors/Research_Data/JAE_Legacy_Audit/data/raw/Route_B_Legacy/1969/10.5032_jaatea.1969.02011.pdf,10.5032_jaatea.1969.02011.pdf,Route_B_Legacy,1969,pending,pending,pending,pending,,,,,1.0,2026-03-21T12:01:53.526056+00:00
jae_legacy_1969_65e7ad01d6,/Volumes/Clemons_Data/_Anchors/Research_Data/JAE_Legacy_Audit/data/raw/Route_B_Legacy/1969/10.5032_jaatea.1969.01032.pdf,10.5032_jaatea.1969.01032.pdf,Route_B_Legacy,1969,pending,pending,pending,pending,,,,,1.0,2026-03-21T12:01:53.526066+00:00
jae_legacy_1969_0e46922655,/Volumes/Clemons_Data/_Anchors/Research_Data/JAE_Legacy_Audit/data/raw/Route_B_Legacy/1969/10.5032_jaatea.1969.01031.pdf,10.5032_jaatea.1969.01031.pdf,Route_B_Legacy,1969,pending,pending,pending,pending,,,,,1.0,2026-03-21T12:01:53.526076+00:00
jae_legacy_1969_da444ed010,/Volumes/Clemons_Data/_Anchors/Research_Data/JAE_Legacy_Audit/data/raw/Route_B_Legacy/1969/10.5032_jaatea.1969.02017.pdf,10.5032_jaatea.1969.02017.pdf,Route_B_Legacy,1969,pending,pending,pending,pending,,,,,1.0,2026-03-21T12:01:53.526088+00:00
jae_legacy_1969_0fe9c33107,/Volumes/Clemons_Data/_Anchors/Research_Data/JAE_Legacy_Audit/data/raw/Route_B_Legacy/1969/10.5032_jaatea.1969.02028.pdf,10.5032_jaatea.1969.02028.pdf,Route_B_Legacy,1969,pending,pending,pending,pending,,,,,1.0,2026-03-21T12:01:53.526098+00:00
jae_legacy_1969_98ab09e09f,/Volumes/Clemons_Data/_Anchors/Research_Data/JAE_Legacy_Audit/data/raw/Route_B_Legacy/1969/10.5032_jaatea.1969.01009.pdf,10.5032_jaatea.1969.01009.pdf,Route_B_Legacy,1969,pending,pending,pending,pending,,,,,1.0,2026-03-21T12:01:53.526107+00:00
jae_legacy_1969_4861bdda1d,/Volumes/Clemons_Data/_Anchors/Research_Data/JAE_Legacy_Audit/data/raw/Route_B_Legacy/1969/10.5032_jaatea.1969.01016.pdf,10.5032_jaatea.1969.01016.pdf,Route_B_Legacy,1969,pending,pending,pending,pending,,,,,1.0,2026-03-21T12:01:53.526116+00:00
jae_legacy_1969_110d637bab,/Volumes/Clemons_Data/_Anchors/Research_Data/JAE_Legacy_Audit/data/raw/Route_B_Legacy/1969/10.5032_jaatea.1969.02021.pdf,10.5032_jaatea.1969.02021.pdf,Route_B_Legacy,1969,pending,pending,pending,pending,,,,,1.0,2026-03-21T12:01:53.526126+00:00
jae_legacy_1969_b976637572,/Volumes/Clemons_Data/_Anchors/Research_Data/JAE_Legacy_Audit/data/raw/Route_B_Legacy/1969/10.5032_jaatea.1969.01020.pdf,10.5032_jaatea.1969.01020.pdf,Route_B_Legacy,1969,pending,pending,pending,pending,,,,,1.0,2026-03-21T12:01:53.526135+00:00
jae_legacy_1969_bfad501d23,/Volumes/Clemons_Data/_Anchors/Research_Data/JAE_Legacy_Audit/data/raw/Route_B_Legacy/1969/10.5032_jaatea.1969.01001.pdf,10.5032_jaatea.1969.01001.pdf,Route_B_Legacy,1969,pending,pending,pending,pending,,,,,1.0,2026-03-21T12:01:53.526145+00:00
jae_legacy_1969_72bd355b09,/Volumes/Clemons_Data/_Anchors/Research_Data/JAE_Legacy_Audit/data/raw/Route_B_Legacy/1969/10.5032_jaatea.1969.01027.pdf,10.5032_jaatea.1969.01027.pdf,Route_B_Legacy,1969,pending,pending,pending,pending,,,,,1.0,2026-03-21T12:01:53.526156+00:00
jae_legacy_1969_cbad1ad355,/Volumes/Clemons_Data/_Anchors/Research_Data/JAE_Legacy_Audit/data/raw/Route_B_Legacy/1969/10.5032_jaatea.1969.02039.pdf,10.5032_jaatea.1969.02039.pdf,Route_B_Legacy,1969,pending,pending,pending,pending,,,,,1.0,2026-03-21T12:01:53.526166+00:00
jae_legacy_1969_d5b6090c9b,/Volumes/Clemons_Data/_Anchors/Research_Data/JAE_Legacy_Audit/data/raw/Route_B_Legacy/1969/10.5032_jaatea.1969.02026.pdf,10.5032_jaatea.1969.02026.pdf,Route_B_Legacy,1969,pending,pending,pending,pending,,,,,1.0,2026-03-21T12:01:53.526175+00:00
jae_legacy_1969_8e5dae8ac9,/Volumes/Clemons_Data/_Anchors/Research_Data/JAE_Legacy_Audit/data/raw/Route_B_Legacy/1969/10.5032_jaatea.1969.01022.pdf,10.5032_jaatea.1969.01022.pdf,Route_B_Legacy,1969,pending,pending,pending,pending,,,,,1.0,2026-03-21T12:01:53.526185+00:00
jae_legacy_1969_64e98319c6,/Volumes/Clemons_Data/_Anchors/Research_Data/JAE_Legacy_Audit/data/raw/Route_B_Legacy/1969/10.5032_jaatea.1969.02001.pdf,10.5032_jaatea.1969.02001.pdf,Route_B_Legacy,1969,pending,pending,pending,pending,,,,,1.0,2026-03-21T12:01:53.526195+00:00
jae_legacy_1969_25265e7968,/Volumes/Clemons_Data/_Anchors/Research_Data/JAE_Legacy_Audit/data/raw/Route_B_Legacy/1969/10.5032_jaatea.1969.02032.pdf,10.5032_jaatea.1969.02032.pdf,Route_B_Legacy,1969,pending,pending,pending,pending,,,,,1.0,2026-03-21T12:01:53.526205+00:00
jae_legacy_1969_87b49c588b,/Volumes/Clemons_Data/_Anchors/Research_Data/JAE_Legacy_Audit/data/raw/Route_B_Legacy/1969/10.5032_jaatea.1969.01008.pdf,10.5032_jaatea.1969.01008.pdf,Route_B_Legacy,1969,pending,pending,pending,pending,,,,,1.0,2026-03-21T12:01:53.526214+00:00
jae_227b009d78a6,/Volumes/Clemons_Data/_Anchors/Research_Data/JAE_Legacy_Audit/data/raw/Route_B_Legacy/1960/10.5032_jaatea.1960.01001.pdf,10.5032_jaatea.1960.01001.pdf,Route_B_Legacy,1960,pending,success,pending,pending,,,,structured_status,1.0,2026-03-22T11:49:10.749587+00:00
jae_40556c56b858,/Volumes/Clemons_Data/_Anchors/Research_Data/JAE_Legacy_Audit/data/raw/Route_B_Legacy/1960/10.5032_jaatea.1960.02001.pdf,10.5032_jaatea.1960.02001.pdf,Route_B_Legacy,1960,pending,success,pending,pending,,,,structured_status,1.0,2026-03-22T11:49:13.028412+00:00
jae_b5d675e51093,/Volumes/Clemons_Data/_Anchors/Research_Data/JAE_Legacy_Audit/data/raw/Route_B_Legacy/1960/10.5032_jaatea.1960.02002.pdf,10.5032_jaatea.1960.02002.pdf,Route_B_Legacy,1960,pending,success,pending,pending,,,,structured_status,1.0,2026-03-22T11:49:22.338085+00:00
jae_903965425957,/Volumes/Clemons_Data/_Anchors/Research_Data/JAE_Legacy_Audit/data/raw/Route_B_Legacy/1960/10.5032_jaatea.1960.02006.pdf,10.5032_jaatea.1960.02006.pdf,Route_B_Legacy,1960,pending,success,pending,pending,,,,structured_status,1.0,2026-03-22T11:49:25.718923+00:00
jae_98548d098a94,/Volumes/Clemons_Data/_Anchors/Research_Data/JAE_Legacy_Audit/data/raw/Route_B_Legacy/1960/10.5032_jaatea.1960.02007.pdf,10.5032_jaatea.1960.02007.pdf,Route_B_Legacy,1960,pending,success,pending,pending,,,,structured_status,1.0,2026-03-22T11:49:39.614968+00:00
jae_73bd8c650253,/Volumes/Clemons_Data/_Anchors/Research_Data/JAE_Legacy_Audit/data/raw/Route_B_Legacy/1960/10.5032_jaatea.1960.02012.pdf,10.5032_jaatea.1960.02012.pdf,Route_B_Legacy,1960,pending,success,pending,pending,,,,structured_status,1.0,2026-03-22T11:49:54.876347+00:00
jae_78ab7374af50,/Volumes/Clemons_Data/_Anchors/Research_Data/JAE_Legacy_Audit/data/raw/Route_B_Legacy/1960/10.5032_jaatea.1960.02018.pdf,10.5032_jaatea.1960.02018.pdf,Route_B_Legacy,1960,pending,success,pending,pending,,,,structured_status,1.0,2026-03-22T11:50:00.562004+00:00
jae_2c9050571856,/Volumes/Clemons_Data/_Anchors/Research_Data/JAE_Legacy_Audit/data/raw/Route_B_Legacy/1960/10.5032_jaatea.1960.02019.pdf,10.5032_jaatea.1960.02019.pdf,Route_B_Legacy,1960,pending,success,pending,pending,,,,structured_status,1.0,2026-03-22T11:50:06.445469+00:00
jae_2d2707e24c2e,/Volumes/Clemons_Data/_Anchors/Research_Data/JAE_Legacy_Audit/data/raw/Route_B_Legacy/1960/10.5032_jaatea.1960.02021.pdf,10.5032_jaatea.1960.02021.pdf,Route_B_Legacy,1960,pending,success,pending,pending,,,,structured_status,1.0,2026-03-22T11:50:10.348712+00:00
jae_2ea12113801b,/Volumes/Clemons_Data/_Anchors/Research_Data/JAE_Legacy_Audit/data/raw/Route_B_Legacy/1960/10.5032_jaatea.1960.02022.pdf,10.5032_jaatea.1960.02022.pdf,Route_B_Legacy,1960,pending,success,pending,pending,,,,structured_status,1.0,2026-03-22T11:50:16.858032+00:00
jae_0e0cf7b741f5,/Volumes/Clemons_Data/_Anchors/Research_Data/JAE_Legacy_Audit/data/raw/Route_B_Legacy/1960/10.5032_jaatea.1960.02026.pdf,10.5032_jaatea.1960.02026.pdf,Route_B_Legacy,1960,pending,success,pending,pending,,,,structured_status,1.0,2026-03-22T11:50:20.586561+00:00
jae_b518f2892ecf,/Volumes/Clemons_Data/_Anchors/Research_Data/JAE_Legacy_Audit/data/raw/Route_B_Legacy/1960/10.5032_jaatea.1960.02027.pdf,10.5032_jaatea.1960.02027.pdf,Route_B_Legacy,1960,pending,success,pending,pending,,,,structured_status,1.0,2026-03-22T11:50:22.857348+00:00
jae_ce61c5b9a92d,/Volumes/Clemons_Data/_Anchors/Research_Data/JAE_Legacy_Audit/data/raw/Route_B_Legacy/1960/10.5032_jaatea.1960.02028.pdf,10.5032_jaatea.1960.02028.pdf,Route_B_Legacy,1960,pending,success,pending,pending,,,,structured_status,1.0,2026-03-22T11:50:26.304884+00:00
jae_483bd31a7f52,/Volumes/Clemons_Data/_Anchors/Research_Data/JAE_Legacy_Audit/data/raw/Route_B_Legacy/1960/10.5032_jaatea.1960.02029.pdf,10.5032_jaatea.1960.02029.pdf,Route_B_Legacy,1960,pending,success,pending,pending,,,,structured_status,1.0,2026-03-22T11:50:28.679985+00:00
jae_0b77b4cb869f,/Volumes/Clemons_Data/_Anchors/Research_Data/JAE_Legacy_Audit/data/raw/Route_B_Legacy/1960/10.5032_jaatea.1960.02030.pdf,10.5032_jaatea.1960.02030.pdf,Route_B_Legacy,1960,pending,success,pending,pending,,,,structured_status,1.0,2026-03-22T11:50:30.486076+00:00
jae_6d552e953f05,/Volumes/Clemons_Data/_Anchors/Research_Data/JAE_Legacy_Audit/data/raw/Route_B_Legacy/1961/10.5032_jaatea.1961.01001.pdf,10.5032_jaatea.1961.01001.pdf,Route_B_Legacy,1961,pending,success,pending,pending,,,,structured_status,1.0,2026-03-22T11:50:32.951115+00:00
jae_479a970f5f6b,/Volumes/Clemons_Data/_Anchors/Research_Data/JAE_Legacy_Audit/data/raw/Route_B_Legacy/1961/10.5032_jaatea.1961.01002.pdf,10.5032_jaatea.1961.01002.pdf,Route_B_Legacy,1961,pending,success,pending,pending,,,,structured_status,1.0,2026-03-22T11:50:55.100460+00:00
jae_39d9ab6e7a7f,/Volumes/Clemons_Data/_Anchors/Research_Data/JAE_Legacy_Audit/data/raw/Route_B_Legacy/1961/10.5032_jaatea.1961.01010.pdf,10.5032_jaatea.1961.01010.pdf,Route_B_Legacy,1961,pending,success,pending,pending,,,,structured_status,1.0,2026-03-22T11:51:02.523222+00:00
jae_a6d34a5a8189,/Volumes/Clemons_Data/_Anchors/Research_Data/JAE_Legacy_Audit/data/raw/Route_B_Legacy/1961/10.5032_jaatea.1961.01013.pdf,10.5032_jaatea.1961.01013.pdf,Route_B_Legacy,1961,pending,success,pending,pending,,,,structured_status,1.0,2026-03-22T11:51:08.740755+00:00
jae_9fea6dad1331,/Volumes/Clemons_Data/_Anchors/Research_Data/JAE_Legacy_Audit/data/raw/Route_B_Legacy/1961/10.5032_jaatea.1961.01015.pdf,10.5032_jaatea.1961.01015.pdf,Route_B_Legacy,1961,pending,success,pending,pending,,,,structured_status,1.0,2026-03-22T11:51:19.133894+00:00
jae_6282d81f0a5d,/Volumes/Clemons_Data/_Anchors/Research_Data/JAE_Legacy_Audit/data/raw/Route_B_Legacy/1961/10.5032_jaatea.1961.01019.pdf,10.5032_jaatea.1961.01019.pdf,Route_B_Legacy,1961,pending,success,pending,pending,,,,structured_status,1.0,2026-03-22T11:51:23.604528+00:00
jae_11c081af29ea,/Volumes/Clemons_Data/_Anchors/Research_Data/JAE_Legacy_Audit/data/raw/Route_B_Legacy/1961/10.5032_jaatea.1961.01021.pdf,10.5032_jaatea.1961.01021.pdf,Route_B_Legacy,1961,pending,success,pending,pending,,,,structured_status,1.0,2026-03-22T11:51:27.438189+00:00
jae_ad77edc2dd29,/Volumes/Clemons_Data/_Anchors/Research_Data/JAE_Legacy_Audit/data/raw/Route_B_Legacy/1961/10.5032_jaatea.1961.01022.pdf,10.5032_jaatea.1961.01022.pdf,Route_B_Legacy,1961,pending,success,pending,pending,,,,structured_status,1.0,2026-03-22T11:51:30.096048+00:00
jae_6f12ce0f8f26,/Volumes/Clemons_Data/_Anchors/Research_Data/JAE_Legacy_Audit/data/raw/Route_B_Legacy/1961/10.5032_jaatea.1961.01023.pdf,10.5032_jaatea.1961.01023.pdf,Route_B_Legacy,1961,pending,success,pending,pending,,,,structured_status,1.0,2026-03-22T11:51:33.979286+00:00
jae_d55cde62e9d2,/Volumes/Clemons_Data/_Anchors/Research_Data/JAE_Legacy_Audit/data/raw/Route_B_Legacy/1961/10.5032_jaatea.1961.01024.pdf,10.5032_jaatea.1961.01024.pdf,Route_B_Legacy,1961,pending,success,pending,pending,,,,structured_status,1.0,2026-03-22T11:51:36.692635+00:00
jae_8f81258479ac,/Volumes/Clemons_Data/_Anchors/Research_Data/JAE_Legacy_Audit/data/raw/Route_B_Legacy/1961/10.5032_jaatea.1961.01025.pdf,10.5032_jaatea.1961.01025.pdf,Route_B_Legacy,1961,pending,success,pending,pending,,,,structured_status,1.0,2026-03-22T11:51:39.016610+00:00
jae_8f09416bba9c,/Volumes/Clemons_Data/_Anchors/Research_Data/JAE_Legacy_Audit/data/raw/Route_B_Legacy/1961/10.5032_jaatea.1961.01026.pdf,10.5032_jaatea.1961.01026.pdf,Route_B_Legacy,1961,pending,success,pending,pending,,,,structured_status,1.0,2026-03-22T11:51:43.877748+00:00
jae_8fa00b8ad37c,/Volumes/Clemons_Data/_Anchors/Research_Data/JAE_Legacy_Audit/data/raw/Route_B_Legacy/1961/10.5032_jaatea.1961.01028.pdf,10.5032_jaatea.1961.01028.pdf,Route_B_Legacy,1961,pending,success,pending,pending,,,,structured_status,1.0,2026-03-22T11:51:48.540010+00:00
jae_5391e82db956,/Volumes/Clemons_Data/_Anchors/Research_Data/JAE_Legacy_Audit/data/raw/Route_B_Legacy/1961/10.5032_jaatea.1961.02002.pdf,10.5032_jaatea.1961.02002.pdf,Route_B_Legacy,1961,pending,success,pending,pending,,,,structured_status,1.0,2026-03-22T11:51:51.269538+00:00
jae_0773c5d09c21,/Volumes/Clemons_Data/_Anchors/Research_Data/JAE_Legacy_Audit/data/raw/Route_B_Legacy/1961/10.5032_jaatea.1961.02003.pdf,10.5032_jaatea.1961.02003.pdf,Route_B_Legacy,1961,pending,success,pending,pending,,,,structured_status,1.0,2026-03-22T11:51:59.027021+00:00
jae_5f40acf6da92,/Volumes/Clemons_Data/_Anchors/Research_Data/JAE_Legacy_Audit/data/raw/Route_B_Legacy/1961/10.5032_jaatea.1961.02005.pdf,10.5032_jaatea.1961.02005.pdf,Route_B_Legacy,1961,pending,success,pending,pending,,,,structured_status,1.0,2026-03-22T11:52:05.980237+00:00
jae_756c96a5ea1d,/Volumes/Clemons_Data/_Anchors/Research_Data/JAE_Legacy_Audit/data/raw/Route_B_Legacy/1961/10.5032_jaatea.1961.02007.pdf,10.5032_jaatea.1961.02007.pdf,Route_B_Legacy,1961,pending,success,pending,pending,,,,structured_status,1.0,2026-03-22T11:52:12.188157+00:00
jae_952a8e410552,/Volumes/Clemons_Data/_Anchors/Research_Data/JAE_Legacy_Audit/data/raw/Route_B_Legacy/1961/10.5032_jaatea.1961.02009.pdf,10.5032_jaatea.1961.02009.pdf,Route_B_Legacy,1961,pending,success,pending,pending,,,,structured_status,1.0,2026-03-22T11:52:19.134579+00:00
jae_bf9647c47d10,/Volumes/Clemons_Data/_Anchors/Research_Data/JAE_Legacy_Audit/data/raw/Route_B_Legacy/1961/10.5032_jaatea.1961.02012.pdf,10.5032_jaatea.1961.02012.pdf,Route_B_Legacy,1961,pending,success,pending,pending,,,,structured_status,1.0,2026-03-22T11:52:23.743106+00:00
jae_a5a55870842f,/Volumes/Clemons_Data/_Anchors/Research_Data/JAE_Legacy_Audit/data/raw/Route_B_Legacy/1961/10.5032_jaatea.1961.02013.pdf,10.5032_jaatea.1961.02013.pdf,Route_B_Legacy,1961,pending,success,pending,pending,,,,structured_status,1.0,2026-03-22T11:52:27.390275+00:00
jae_e7fddaa4f4f8,/Volumes/Clemons_Data/_Anchors/Research_Data/JAE_Legacy_Audit/data/raw/Route_B_Legacy/1962/10.5032_jaatea.1962.01001.pdf,10.5032_jaatea.1962.01001.pdf,Route_B_Legacy,1962,pending,success,pending,pending,,,,structured_status,1.0,2026-03-22T11:52:30.389096+00:00
jae_915ddd41d81b,/Volumes/Clemons_Data/_Anchors/Research_Data/JAE_Legacy_Audit/data/raw/Route_B_Legacy/1962/10.5032_jaatea.1962.01002.pdf,10.5032_jaatea.1962.01002.pdf,Route_B_Legacy,1962,pending,success,pending,pending,,,,structured_status,1.0,2026-03-22T11:52:38.260439+00:00
jae_ee83957f970f,/Volumes/Clemons_Data/_Anchors/Research_Data/JAE_Legacy_Audit/data/raw/Route_B_Legacy/1962/10.5032_jaatea.1962.01005.pdf,10.5032_jaatea.1962.01005.pdf,Route_B_Legacy,1962,pending,success,pending,pending,,,,structured_status,1.0,2026-03-22T11:52:42.060672+00:00
jae_6074a6222ad1,/Volumes/Clemons_Data/_Anchors/Research_Data/JAE_Legacy_Audit/data/raw/Route_B_Legacy/1962/10.5032_jaatea.1962.01006.pdf,10.5032_jaatea.1962.01006.pdf,Route_B_Legacy,1962,pending,success,pending,pending,,,,structured_status,1.0,2026-03-22T11:52:46.751929+00:00
jae_2216d73529c9,/Volumes/Clemons_Data/_Anchors/Research_Data/JAE_Legacy_Audit/data/raw/Route_B_Legacy/1962/10.5032_jaatea.1962.01008.pdf,10.5032_jaatea.1962.01008.pdf,Route_B_Legacy,1962,pending,success,pending,pending,,,,structured_status,1.0,2026-03-22T11:52:52.811989+00:00
jae_59dd9063b27d,/Volumes/Clemons_Data/_Anchors/Research_Data/JAE_Legacy_Audit/data/raw/Route_B_Legacy/1962/10.5032_jaatea.1962.01010.pdf,10.5032_jaatea.1962.01010.pdf,Route_B_Legacy,1962,pending,success,pending,pending,,,,structured_status,1.0,2026-03-22T11:53:07.645453+00:00
jae_ed55b4016405,/Volumes/Clemons_Data/_Anchors/Research_Data/JAE_Legacy_Audit/data/raw/Route_B_Legacy/1962/10.5032_jaatea.1962.01015.pdf,10.5032_jaatea.1962.01015.pdf,Route_B_Legacy,1962,pending,success,pending,pending,,,,structured_status,1.0,2026-03-22T11:53:12.324075+00:00
jae_d271128d288b,/Volumes/Clemons_Data/_Anchors/Research_Data/JAE_Legacy_Audit/data/raw/Route_B_Legacy/1962/10.5032_jaatea.1962.01017.pdf,10.5032_jaatea.1962.01017.pdf,Route_B_Legacy,1962,pending,success,pending,pending,,,,structured_status,1.0,2026-03-22T11:53:15.767655+00:00
jae_f7dce451b077,/Volumes/Clemons_Data/_Anchors/Research_Data/JAE_Legacy_Audit/data/raw/Route_B_Legacy/1962/10.5032_jaatea.1962.01018.pdf,10.5032_jaatea.1962.01018.pdf,Route_B_Legacy,1962,pending,success,pending,pending,,,,structured_status,1.0,2026-03-22T11:53:21.036206+00:00
jae_9300758396ab,/Volumes/Clemons_Data/_Anchors/Research_Data/JAE_Legacy_Audit/data/raw/Route_B_Legacy/1962/10.5032_jaatea.1962.01021.pdf,10.5032_jaatea.1962.01021.pdf,Route_B_Legacy,1962,pending,success,pending,pending,,,,structured_status,1.0,2026-03-22T11:53:21.064403+00:00
jae_49fd1fc05f6a,/Volumes/Clemons_Data/_Anchors/Research_Data/JAE_Legacy_Audit/data/raw/Route_B_Legacy/1962/10.5032_jaatea.1962.01024.pdf,10.5032_jaatea.1962.01024.pdf,Route_B_Legacy,1962,pending,success,pending,pending,,,,structured_status,1.0,2026-03-22T11:53:23.207899+00:00
jae_23684af1707b,/Volumes/Clemons_Data/_Anchors/Research_Data/JAE_Legacy_Audit/data/raw/Route_B_Legacy/1962/10.5032_jaatea.1962.01026.pdf,10.5032_jaatea.1962.01026.pdf,Route_B_Legacy,1962,pending,success,pending,pending,,,,structured_status,1.0,2026-03-22T11:53:25.158274+00:00
jae_870e5651faa0,/Volumes/Clemons_Data/_Anchors/Research_Data/JAE_Legacy_Audit/data/raw/Route_B_Legacy/1962/10.5032_jaatea.1962.01027.pdf,10.5032_jaatea.1962.01027.pdf,Route_B_Legacy,1962,pending,success,pending,pending,,,,structured_status,1.0,2026-03-22T11:53:26.558615+00:00
jae_aca2d0c87781,/Volumes/Clemons_Data/_Anchors/Research_Data/JAE_Legacy_Audit/data/raw/Route_B_Legacy/1962/10.5032_jaatea.1962.01028.pdf,10.5032_jaatea.1962.01028.pdf,Route_B_Legacy,1962,pending,success,pending,pending,,,,structured_status,1.0,2026-03-22T11:53:28.045529+00:00
jae_105d6684e389,/Volumes/Clemons_Data/_Anchors/Research_Data/JAE_Legacy_Audit/data/raw/Route_B_Legacy/1962/10.5032_jaatea.1962.02002.pdf,10.5032_jaatea.1962.02002.pdf,Route_B_Legacy,1962,pending,success,pending,pending,,,,structured_status,1.0,2026-03-22T11:53:38.552081+00:00
jae_6a7d06886b60,/Volumes/Clemons_Data/_Anchors/Research_Data/JAE_Legacy_Audit/data/raw/Route_B_Legacy/1962/10.5032_jaatea.1962.02008.pdf,10.5032_jaatea.1962.02008.pdf,Route_B_Legacy,1962,pending,success,pending,pending,,,,structured_status,1.0,2026-03-22T11:53:44.304262+00:00
jae_2b44a687e57e,/Volumes/Clemons_Data/_Anchors/Research_Data/JAE_Legacy_Audit/data/raw/Route_B_Legacy/1962/10.5032_jaatea.1962.02010.pdf,10.5032_jaatea.1962.02010.pdf,Route_B_Legacy,1962,pending,success,pending,pending,,,,structured_status,1.0,2026-03-22T11:53:48.147492+00:00
jae_c09a45aba15a,/Volumes/Clemons_Data/_Anchors/Research_Data/JAE_Legacy_Audit/data/raw/Route_B_Legacy/1962/10.5032_jaatea.1962.02011.pdf,10.5032_jaatea.1962.02011.pdf,Route_B_Legacy,1962,pending,success,pending,pending,,,,structured_status,1.0,2026-03-22T11:53:58.799944+00:00
jae_b978157636d5,/Volumes/Clemons_Data/_Anchors/Research_Data/JAE_Legacy_Audit/data/raw/Route_B_Legacy/1962/10.5032_jaatea.1962.02017.pdf,10.5032_jaatea.1962.02017.pdf,Route_B_Legacy,1962,pending,success,pending,pending,,,,structured_status,1.0,2026-03-22T11:54:01.811034+00:00
jae_dceeaca9f366,/Volumes/Clemons_Data/_Anchors/Research_Data/JAE_Legacy_Audit/data/raw/Route_B_Legacy/1962/10.5032_jaatea.1962.02018.pdf,10.5032_jaatea.1962.02018.pdf,Route_B_Legacy,1962,pending,success,pending,pending,,,,structured_status,1.0,2026-03-22T11:54:07.598681+00:00
jae_232a88c0cf45,/Volumes/Clemons_Data/_Anchors/Research_Data/JAE_Legacy_Audit/data/raw/Route_B_Legacy/1962/10.5032_jaatea.1962.02024.pdf,10.5032_jaatea.1962.02024.pdf,Route_B_Legacy,1962,pending,success,pending,pending,,,,structured_status,1.0,2026-03-22T11:54:10.810636+00:00
jae_6173b0048ba6,/Volumes/Clemons_Data/_Anchors/Research_Data/JAE_Legacy_Audit/data/raw/Route_B_Legacy/1963/10.5032_jaatea.1963.01001.pdf,10.5032_jaatea.1963.01001.pdf,Route_B_Legacy,1963,pending,success,pending,pending,,,,structured_status,1.0,2026-03-22T11:54:13.329263+00:00
jae_6574f2420444,/Volumes/Clemons_Data/_Anchors/Research_Data/JAE_Legacy_Audit/data/raw/Route_B_Legacy/1963/10.5032_jaatea.1963.01002.pdf,10.5032_jaatea.1963.01002.pdf,Route_B_Legacy,1963,pending,success,pending,pending,,,,structured_status,1.0,2026-03-22T11:54:27.432416+00:00
jae_e3949d9bdfce,/Volumes/Clemons_Data/_Anchors/Research_Data/JAE_Legacy_Audit/data/raw/Route_B_Legacy/1963/10.5032_jaatea.1963.01008.pdf,10.5032_jaatea.1963.01008.pdf,Route_B_Legacy,1963,pending,success,pending,pending,,,,structured_status,1.0,2026-03-22T11:54:34.565525+00:00
jae_1c25a2f5787e,/Volumes/Clemons_Data/_Anchors/Research_Data/JAE_Legacy_Audit/data/raw/Route_B_Legacy/1963/10.5032_jaatea.1963.01011.pdf,10.5032_jaatea.1963.01011.pdf,Route_B_Legacy,1963,pending,success,pending,pending,,,,structured_status,1.0,2026-03-22T11:54:43.628992+00:00
jae_0ec3f8ad4cb6,/Volumes/Clemons_Data/_Anchors/Research_Data/JAE_Legacy_Audit/data/raw/Route_B_Legacy/1963/10.5032_jaatea.1963.01014.pdf,10.5032_jaatea.1963.01014.pdf,Route_B_Legacy,1963,pending,success,pending,pending,,,,structured_status,1.0,2026-03-22T11:54:43.710530+00:00
jae_84db5c9b4fa5,/Volumes/Clemons_Data/_Anchors/Research_Data/JAE_Legacy_Audit/data/raw/Route_B_Legacy/1963/10.5032_jaatea.1963.01019.pdf,10.5032_jaatea.1963.01019.pdf,Route_B_Legacy,1963,pending,success,pending,pending,,,,structured_status,1.0,2026-03-22T11:54:51.856021+00:00
jae_51713c04ddca,/Volumes/Clemons_Data/_Anchors/Research_Data/JAE_Legacy_Audit/data/raw/Route_B_Legacy/1963/10.5032_jaatea.1963.02001.pdf,10.5032_jaatea.1963.02001.pdf,Route_B_Legacy,1963,pending,success,pending,pending,,,,structured_status,1.0,2026-03-22T11:54:54.108677+00:00
jae_45fb9925484e,/Volumes/Clemons_Data/_Anchors/Research_Data/JAE_Legacy_Audit/data/raw/Route_B_Legacy/1963/10.5032_jaatea.1963.02002.pdf,10.5032_jaatea.1963.02002.pdf,Route_B_Legacy,1963,pending,success,pending,pending,,,,structured_status,1.0,2026-03-22T11:54:56.381985+00:00
jae_e445689af47e,/Volumes/Clemons_Data/_Anchors/Research_Data/JAE_Legacy_Audit/data/raw/Route_B_Legacy/1963/10.5032_jaatea.1963.02003.pdf,10.5032_jaatea.1963.02003.pdf,Route_B_Legacy,1963,pending,success,pending,pending,,,,structured_status,1.0,2026-03-22T11:55:02.639382+00:00
jae_b4bf639df002,/Volumes/Clemons_Data/_Anchors/Research_Data/JAE_Legacy_Audit/data/raw/Route_B_Legacy/1963/10.5032_jaatea.1963.02005.pdf,10.5032_jaatea.1963.02005.pdf,Route_B_Legacy,1963,pending,success,pending,pending,,,,structured_status,1.0,2026-03-22T11:55:13.922250+00:00
jae_907afa9b636f,/Volumes/Clemons_Data/_Anchors/Research_Data/JAE_Legacy_Audit/data/raw/Route_B_Legacy/1963/10.5032_jaatea.1963.02010.pdf,10.5032_jaatea.1963.02010.pdf,Route_B_Legacy,1963,pending,success,pending,pending,,,,structured_status,1.0,2026-03-22T11:55:17.644240+00:00
jae_fa52a04272e4,/Volumes/Clemons_Data/_Anchors/Research_Data/JAE_Legacy_Audit/data/raw/Route_B_Legacy/1963/10.5032_jaatea.1963.02011.pdf,10.5032_jaatea.1963.02011.pdf,Route_B_Legacy,1963,pending,success,pending,pending,,,,structured_status,1.0,2026-03-22T11:55:26.820446+00:00
jae_b404c0323128,/Volumes/Clemons_Data/_Anchors/Research_Data/JAE_Legacy_Audit/data/raw/Route_B_Legacy/1963/10.5032_jaatea.1963.02015.pdf,10.5032_jaatea.1963.02015.pdf,Route_B_Legacy,1963,pending,success,pending,pending,,,,structured_status,1.0,2026-03-22T11:55:33.272120+00:00
jae_6dc24c74948f,/Volumes/Clemons_Data/_Anchors/Research_Data/JAE_Legacy_Audit/data/raw/Route_B_Legacy/1963/10.5032_jaatea.1963.02017.pdf,10.5032_jaatea.1963.02017.pdf,Route_B_Legacy,1963,pending,success,pending,pending,,,,structured_status,1.0,2026-03-22T11:55:38.558246+00:00
jae_c76861605bb4,/Volumes/Clemons_Data/_Anchors/Research_Data/JAE_Legacy_Audit/data/raw/Route_B_Legacy/1963/10.5032_jaatea.1963.02020.pdf,10.5032_jaatea.1963.02020.pdf,Route_B_Legacy,1963,pending,success,pending,pending,,,,structured_status,1.0,2026-03-22T11:55:40.920851+00:00
jae_d9f56cea5022,/Volumes/Clemons_Data/_Anchors/Research_Data/JAE_Legacy_Audit/data/raw/Route_B_Legacy/1963/10.5032_jaatea.1964.01022.pdf,10.5032_jaatea.1964.01022.pdf,Route_B_Legacy,1963,pending,success,pending,pending,,,,structured_status,1.0,2026-03-22T11:55:47.016547+00:00
jae_1e5194a7c844,/Volumes/Clemons_Data/_Anchors/Research_Data/JAE_Legacy_Audit/data/raw/Route_B_Legacy/1964/10.5032_jaatea.1964.01001.pdf,10.5032_jaatea.1964.01001.pdf,Route_B_Legacy,1964,pending,success,pending,pending,,,,structured_status,1.0,2026-03-22T11:55:50.278377+00:00
jae_c8872cb99a20,/Volumes/Clemons_Data/_Anchors/Research_Data/JAE_Legacy_Audit/data/raw/Route_B_Legacy/1964/10.5032_jaatea.1964.01002.pdf,10.5032_jaatea.1964.01002.pdf,Route_B_Legacy,1964,pending,success,pending,pending,,,,structured_status,1.0,2026-03-22T11:55:54.326149+00:00
jae_ab0309cca8a0,/Volumes/Clemons_Data/_Anchors/Research_Data/JAE_Legacy_Audit/data/raw/Route_B_Legacy/1964/10.5032_jaatea.1964.01005.pdf,10.5032_jaatea.1964.01005.pdf,Route_B_Legacy,1964,pending,success,pending,pending,,,,structured_status,1.0,2026-03-22T11:56:02.312339+00:00
jae_1dc6ced58569,/Volumes/Clemons_Data/_Anchors/Research_Data/JAE_Legacy_Audit/data/raw/Route_B_Legacy/1964/10.5032_jaatea.1964.01009.pdf,10.5032_jaatea.1964.01009.pdf,Route_B_Legacy,1964,pending,success,pending,pending,,,,structured_status,1.0,2026-03-22T11:56:05.586966+00:00
jae_420dcff0d542,/Volumes/Clemons_Data/_Anchors/Research_Data/JAE_Legacy_Audit/data/raw/Route_B_Legacy/1964/10.5032_jaatea.1964.01010.pdf,10.5032_jaatea.1964.01010.pdf,Route_B_Legacy,1964,pending,success,pending,pending,,,,structured_status,1.0,2026-03-22T11:56:13.121229+00:00
jae_6c0d4ce74e17,/Volumes/Clemons_Data/_Anchors/Research_Data/JAE_Legacy_Audit/data/raw/Route_B_Legacy/1964/10.5032_jaatea.1964.01015.pdf,10.5032_jaatea.1964.01015.pdf,Route_B_Legacy,1964,pending,success,pending,pending,,,,structured_status,1.0,2026-03-22T11:56:16.540246+00:00
jae_d23e0678bbd0,/Volumes/Clemons_Data/_Anchors/Research_Data/JAE_Legacy_Audit/data/raw/Route_B_Legacy/1964/10.5032_jaatea.1964.01016.pdf,10.5032_jaatea.1964.01016.pdf,Route_B_Legacy,1964,pending,success,pending,pending,,,,structured_status,1.0,2026-03-22T11:56:23.302140+00:00
jae_aec2787c06c4,/Volumes/Clemons_Data/_Anchors/Research_Data/JAE_Legacy_Audit/data/raw/Route_B_Legacy/1964/10.5032_jaatea.1964.02001.pdf,10.5032_jaatea.1964.02001.pdf,Route_B_Legacy,1964,pending,success,pending,pending,,,,structured_status,1.0,2026-03-22T11:56:26.648044+00:00
jae_a98170ea66f4,/Volumes/Clemons_Data/_Anchors/Research_Data/JAE_Legacy_Audit/data/raw/Route_B_Legacy/1964/10.5032_jaatea.1964.02003.pdf,10.5032_jaatea.1964.02003.pdf,Route_B_Legacy,1964,pending,success,pending,pending,,,,structured_status,1.0,2026-03-22T11:56:32.606664+00:00
jae_b16a4e984dae,/Volumes/Clemons_Data/_Anchors/Research_Data/JAE_Legacy_Audit/data/raw/Route_B_Legacy/1964/10.5032_jaatea.1964.02006.pdf,10.5032_jaatea.1964.02006.pdf,Route_B_Legacy,1964,pending,success,pending,pending,,,,structured_status,1.0,2026-03-22T11:56:36.476931+00:00
jae_30cf8dbe0ca1,/Volumes/Clemons_Data/_Anchors/Research_Data/JAE_Legacy_Audit/data/raw/Route_B_Legacy/1964/10.5032_jaatea.1964.02008.pdf,10.5032_jaatea.1964.02008.pdf,Route_B_Legacy,1964,pending,success,pending,pending,,,,structured_status,1.0,2026-03-22T11:56:45.838146+00:00
jae_35859429820b,/Volumes/Clemons_Data/_Anchors/Research_Data/JAE_Legacy_Audit/data/raw/Route_B_Legacy/1964/10.5032_jaatea.1964.02014.pdf,10.5032_jaatea.1964.02014.pdf,Route_B_Legacy,1964,pending,success,pending,pending,,,,structured_status,1.0,2026-03-22T11:56:53.573656+00:00
jae_1ba73054c46e,/Volumes/Clemons_Data/_Anchors/Research_Data/JAE_Legacy_Audit/data/raw/Route_B_Legacy/1964/10.5032_jaatea.1964.02018.pdf,10.5032_jaatea.1964.02018.pdf,Route_B_Legacy,1964,pending,success,pending,pending,,,,structured_status,1.0,2026-03-22T11:57:00.251819+00:00
jae_74f2336a0690,/Volumes/Clemons_Data/_Anchors/Research_Data/JAE_Legacy_Audit/data/raw/Route_B_Legacy/1964/10.5032_jaatea.1964.02022.pdf,10.5032_jaatea.1964.02022.pdf,Route_B_Legacy,1964,pending,success,pending,pending,,,,structured_status,1.0,2026-03-22T11:57:06.580577+00:00
jae_3a87f2c69f8b,/Volumes/Clemons_Data/_Anchors/Research_Data/JAE_Legacy_Audit/data/raw/Route_B_Legacy/1965/10.5032_jaatea.1965.01001.pdf,10.5032_jaatea.1965.01001.pdf,Route_B_Legacy,1965,pending,success,pending,pending,,,,structured_status,1.0,2026-03-22T11:57:10.368555+00:00
jae_8b5061ca5138,/Volumes/Clemons_Data/_Anchors/Research_Data/JAE_Legacy_Audit/data/raw/Route_B_Legacy/1965/10.5032_jaatea.1965.01003.pdf,10.5032_jaatea.1965.01003.pdf,Route_B_Legacy,1965,pending,success,pending,pending,,,,structured_status,1.0,2026-03-22T11:57:25.541728+00:00
jae_52790a7c8d09,/Volumes/Clemons_Data/_Anchors/Research_Data/JAE_Legacy_Audit/data/raw/Route_B_Legacy/1965/10.5032_jaatea.1965.01010.pdf,10.5032_jaatea.1965.01010.pdf,Route_B_Legacy,1965,pending,success,pending,pending,,,,structured_status,1.0,2026-03-22T11:57:46.411538+00:00
jae_04463fd66c69,/Volumes/Clemons_Data/_Anchors/Research_Data/JAE_Legacy_Audit/data/raw/Route_B_Legacy/1965/10.5032_jaatea.1965.01020.pdf,10.5032_jaatea.1965.01020.pdf,Route_B_Legacy,1965,pending,success,pending,pending,,,,structured_status,1.0,2026-03-22T11:57:52.327582+00:00
jae_beaf83ae0caf,/Volumes/Clemons_Data/_Anchors/Research_Data/JAE_Legacy_Audit/data/raw/Route_B_Legacy/1965/10.5032_jaatea.1965.01023.pdf,10.5032_jaatea.1965.01023.pdf,Route_B_Legacy,1965,pending,success,pending,pending,,,,structured_status,1.0,2026-03-22T11:57:56.330406+00:00
jae_474fae0e2eee,/Volumes/Clemons_Data/_Anchors/Research_Data/JAE_Legacy_Audit/data/raw/Route_B_Legacy/1965/10.5032_jaatea.1965.01025.pdf,10.5032_jaatea.1965.01025.pdf,Route_B_Legacy,1965,pending,success,pending,pending,,,,structured_status,1.0,2026-03-22T11:58:01.968328+00:00
jae_c627bc61f02b,/Volumes/Clemons_Data/_Anchors/Research_Data/JAE_Legacy_Audit/data/raw/Route_B_Legacy/1965/10.5032_jaatea.1965.01027.pdf,10.5032_jaatea.1965.01027.pdf,Route_B_Legacy,1965,pending,success,pending,pending,,,,structured_status,1.0,2026-03-22T11:58:06.602892+00:00
jae_bd1cecc3f94f,/Volumes/Clemons_Data/_Anchors/Research_Data/JAE_Legacy_Audit/data/raw/Route_B_Legacy/1965/10.5032_jaatea.1965.01029.pdf,10.5032_jaatea.1965.01029.pdf,Route_B_Legacy,1965,pending,success,pending,pending,,,,structured_status,1.0,2026-03-22T11:58:12.971075+00:00
jae_14d1394c2cf9,/Volumes/Clemons_Data/_Anchors/Research_Data/JAE_Legacy_Audit/data/raw/Route_B_Legacy/1966/10.5032_jaatea.1966.02001.pdf,10.5032_jaatea.1966.02001.pdf,Route_B_Legacy,1966,pending,success,pending,pending,,,,structured_status,1.0,2026-03-22T11:58:13.042190+00:00
jae_b435f0461c39,/Volumes/Clemons_Data/_Anchors/Research_Data/JAE_Legacy_Audit/data/raw/Route_B_Legacy/1966/10.5032_jaatea.1966.02007.pdf,10.5032_jaatea.1966.02007.pdf,Route_B_Legacy,1966,pending,success,pending,pending,,,,structured_status,1.0,2026-03-22T11:58:21.970253+00:00
jae_cdcfad9661ec,/Volumes/Clemons_Data/_Anchors/Research_Data/JAE_Legacy_Audit/data/raw/Route_B_Legacy/1966/10.5032_jaatea.1966.02011.pdf,10.5032_jaatea.1966.02011.pdf,Route_B_Legacy,1966,pending,success,pending,pending,,,,structured_status,1.0,2026-03-22T11:58:26.854622+00:00
jae_86993b8b1a9d,/Volumes/Clemons_Data/_Anchors/Research_Data/JAE_Legacy_Audit/data/raw/Route_B_Legacy/1966/10.5032_jaatea.1966.02014.pdf,10.5032_jaatea.1966.02014.pdf,Route_B_Legacy,1966,pending,success,pending,pending,,,,structured_status,1.0,2026-03-22T11:58:33.425307+00:00
jae_e2d38ef4f6b4,/Volumes/Clemons_Data/_Anchors/Research_Data/JAE_Legacy_Audit/data/raw/Route_B_Legacy/1966/10.5032_jaatea.1966.02017.pdf,10.5032_jaatea.1966.02017.pdf,Route_B_Legacy,1966,pending,success,pending,pending,,,,structured_status,1.0,2026-03-22T11:58:40.727856+00:00
jae_6bdda3cee5dc,/Volumes/Clemons_Data/_Anchors/Research_Data/JAE_Legacy_Audit/data/raw/Route_B_Legacy/1966/10.5032_jaatea.1966.02021.pdf,10.5032_jaatea.1966.02021.pdf,Route_B_Legacy,1966,pending,success,pending,pending,,,,structured_status,1.0,2026-03-22T11:58:48.168137+00:00
jae_0487fd824574,/Volumes/Clemons_Data/_Anchors/Research_Data/JAE_Legacy_Audit/data/raw/Route_B_Legacy/1966/10.5032_jaatea.1966.02026.pdf,10.5032_jaatea.1966.02026.pdf,Route_B_Legacy,1966,pending,success,pending,pending,,,,structured_status,1.0,2026-03-22T11:58:50.809076+00:00
jae_b65917cfedb6,/Volumes/Clemons_Data/_Anchors/Research_Data/JAE_Legacy_Audit/data/raw/Route_B_Legacy/1966/10.5032_jaatea.1966.02027.pdf,10.5032_jaatea.1966.02027.pdf,Route_B_Legacy,1966,pending,success,pending,pending,,,,structured_status,1.0,2026-03-22T11:59:02.398906+00:00
jae_281e9dcbb2dc,/Volumes/Clemons_Data/_Anchors/Research_Data/JAE_Legacy_Audit/data/raw/Route_B_Legacy/1967/10.5032_jaatea.1967.01001.pdf,10.5032_jaatea.1967.01001.pdf,Route_B_Legacy,1967,pending,success,pending,pending,,,,structured_status,1.0,2026-03-22T11:59:02.472511+00:00
jae_511e5c3c61b2,/Volumes/Clemons_Data/_Anchors/Research_Data/JAE_Legacy_Audit/data/raw/Route_B_Legacy/1967/10.5032_jaatea.1967.01004.pdf,10.5032_jaatea.1967.01004.pdf,Route_B_Legacy,1967,pending,success,pending,pending,,,,structured_status,1.0,2026-03-22T11:59:03.804974+00:00
jae_a2eab8b1e4ad,/Volumes/Clemons_Data/_Anchors/Research_Data/JAE_Legacy_Audit/data/raw/Route_B_Legacy/1967/10.5032_jaatea.1967.01005.pdf,10.5032_jaatea.1967.01005.pdf,Route_B_Legacy,1967,pending,success,pending,pending,,,,structured_status,1.0,2026-03-22T11:59:32.862457+00:00
jae_df5ab27e5f4a,/Volumes/Clemons_Data/_Anchors/Research_Data/JAE_Legacy_Audit/data/raw/Route_B_Legacy/1967/10.5032_jaatea.1967.01028.pdf,10.5032_jaatea.1967.01028.pdf,Route_B_Legacy,1967,pending,success,pending,pending,,,,structured_status,1.0,2026-03-22T11:59:40.054163+00:00
jae_5c67c92349f5,/Volumes/Clemons_Data/_Anchors/Research_Data/JAE_Legacy_Audit/data/raw/Route_B_Legacy/1967/10.5032_jaatea.1967.02001.pdf,10.5032_jaatea.1967.02001.pdf,Route_B_Legacy,1967,pending,success,pending,pending,,,,structured_status,1.0,2026-03-22T11:59:40.077527+00:00
jae_95607a090e36,/Volumes/Clemons_Data/_Anchors/Research_Data/JAE_Legacy_Audit/data/raw/Route_B_Legacy/1967/10.5032_jaatea.1967.02003.pdf,10.5032_jaatea.1967.02003.pdf,Route_B_Legacy,1967,pending,success,pending,pending,,,,structured_status,1.0,2026-03-22T11:59:40.145840+00:00
jae_eda289f8d224,/Volumes/Clemons_Data/_Anchors/Research_Data/JAE_Legacy_Audit/data/raw/Route_B_Legacy/1967/10.5032_jaatea.1967.02005.pdf,10.5032_jaatea.1967.02005.pdf,Route_B_Legacy,1967,pending,success,pending,pending,,,,structured_status,1.0,2026-03-22T11:59:40.243291+00:00
jae_8e500f8fa77f,/Volumes/Clemons_Data/_Anchors/Research_Data/JAE_Legacy_Audit/data/raw/Route_B_Legacy/1967/10.5032_jaatea.1967.02010.pdf,10.5032_jaatea.1967.02010.pdf,Route_B_Legacy,1967,pending,success,pending,pending,,,,structured_status,1.0,2026-03-22T11:59:40.311972+00:00
jae_986620cffdfd,/Volumes/Clemons_Data/_Anchors/Research_Data/JAE_Legacy_Audit/data/raw/Route_B_Legacy/1967/10.5032_jaatea.1967.02013.pdf,10.5032_jaatea.1967.02013.pdf,Route_B_Legacy,1967,pending,success,pending,pending,,,,structured_status,1.0,2026-03-22T11:59:47.000344+00:00
jae_945293c63310,/Volumes/Clemons_Data/_Anchors/Research_Data/JAE_Legacy_Audit/data/raw/Route_B_Legacy/1967/10.5032_jaatea.1967.02017.pdf,10.5032_jaatea.1967.02017.pdf,Route_B_Legacy,1967,pending,success,pending,pending,,,,structured_status,1.0,2026-03-22T11:59:48.781203+00:00
jae_9d391da8f155,/Volumes/Clemons_Data/_Anchors/Research_Data/JAE_Legacy_Audit/data/raw/Route_B_Legacy/1967/10.5032_jaatea.1967.02019.pdf,10.5032_jaatea.1967.02019.pdf,Route_B_Legacy,1967,pending,success,pending,pending,,,,structured_status,1.0,2026-03-22T11:59:50.007880+00:00
jae_a19d9c9c0614,/Volumes/Clemons_Data/_Anchors/Research_Data/JAE_Legacy_Audit/data/raw/Route_B_Legacy/1967/10.5032_jaatea.1967.02024.pdf,10.5032_jaatea.1967.02024.pdf,Route_B_Legacy,1967,pending,success,pending,pending,,,,structured_status,1.0,2026-03-22T11:59:50.046503+00:00
jae_f2b6fe773898,/Volumes/Clemons_Data/_Anchors/Research_Data/JAE_Legacy_Audit/data/raw/Route_B_Legacy/1968/10.5032_jaatea.1968.01003.pdf,10.5032_jaatea.1968.01003.pdf,Route_B_Legacy,1968,pending,success,pending,pending,,,,structured_status,1.0,2026-03-22T11:59:55.293253+00:00
jae_198df9e105a6,/Volumes/Clemons_Data/_Anchors/Research_Data/JAE_Legacy_Audit/data/raw/Route_B_Legacy/1968/10.5032_jaatea.1968.01006.pdf,10.5032_jaatea.1968.01006.pdf,Route_B_Legacy,1968,pending,success,pending,pending,,,,structured_status,1.0,2026-03-22T11:59:55.320938+00:00
jae_4ea9dc37b734,/Volumes/Clemons_Data/_Anchors/Research_Data/JAE_Legacy_Audit/data/raw/Route_B_Legacy/1968/10.5032_jaatea.1968.01009.pdf,10.5032_jaatea.1968.01009.pdf,Route_B_Legacy,1968,pending,success,pending,pending,,,,structured_status,1.0,2026-03-22T12:00:04.822655+00:00
jae_c75580147ba1,/Volumes/Clemons_Data/_Anchors/Research_Data/JAE_Legacy_Audit/data/raw/Route_B_Legacy/1968/10.5032_jaatea.1968.01014.pdf,10.5032_jaatea.1968.01014.pdf,Route_B_Legacy,1968,pending,success,pending,pending,,,,structured_status,1.0,2026-03-22T12:00:04.841580+00:00
jae_a20203a637a5,/Volumes/Clemons_Data/_Anchors/Research_Data/JAE_Legacy_Audit/data/raw/Route_B_Legacy/1968/10.5032_jaatea.1968.01018.pdf,10.5032_jaatea.1968.01018.pdf,Route_B_Legacy,1968,pending,success,pending,pending,,,,structured_status,1.0,2026-03-22T12:00:09.554564+00:00
jae_bc9e368443bc,/Volumes/Clemons_Data/_Anchors/Research_Data/JAE_Legacy_Audit/data/raw/Route_B_Legacy/1968/10.5032_jaatea.1968.01021.pdf,10.5032_jaatea.1968.01021.pdf,Route_B_Legacy,1968,pending,success,pending,pending,,,,structured_status,1.0,2026-03-22T12:00:09.597179+00:00
jae_bcc8c2ef5efa,/Volumes/Clemons_Data/_Anchors/Research_Data/JAE_Legacy_Audit/data/raw/Route_B_Legacy/1968/10.5032_jaatea.1968.01028.pdf,10.5032_jaatea.1968.01028.pdf,Route_B_Legacy,1968,pending,success,pending,pending,,,,structured_status,1.0,2026-03-22T12:00:14.877283+00:00
jae_3793802737a3,/Volumes/Clemons_Data/_Anchors/Research_Data/JAE_Legacy_Audit/data/raw/Route_B_Legacy/1968/10.5032_jaatea.1968.01030.pdf,10.5032_jaatea.1968.01030.pdf,Route_B_Legacy,1968,pending,success,pending,pending,,,,structured_status,1.0,2026-03-22T12:00:19.691492+00:00
jae_d61af736e2fd,/Volumes/Clemons_Data/_Anchors/Research_Data/JAE_Legacy_Audit/data/raw/Route_B_Legacy/1968/10.5032_jaatea.1968.02004.pdf,10.5032_jaatea.1968.02004.pdf,Route_B_Legacy,1968,pending,success,pending,pending,,,,structured_status,1.0,2026-03-22T12:00:19.722013+00:00
jae_871c1fca8024,/Volumes/Clemons_Data/_Anchors/Research_Data/JAE_Legacy_Audit/data/raw/Route_B_Legacy/1968/10.5032_jaatea.1968.02007.pdf,10.5032_jaatea.1968.02007.pdf,Route_B_Legacy,1968,pending,success,pending,pending,,,,structured_status,1.0,2026-03-22T12:00:26.392028+00:00
jae_00c4c5c40e6b,/Volumes/Clemons_Data/_Anchors/Research_Data/JAE_Legacy_Audit/data/raw/Route_B_Legacy/1968/10.5032_jaatea.1968.02011.pdf,10.5032_jaatea.1968.02011.pdf,Route_B_Legacy,1968,pending,success,pending,pending,,,,structured_status,1.0,2026-03-22T12:00:33.433797+00:00
jae_e1713c567384,/Volumes/Clemons_Data/_Anchors/Research_Data/JAE_Legacy_Audit/data/raw/Route_B_Legacy/1968/10.5032_jaatea.1968.02015.pdf,10.5032_jaatea.1968.02015.pdf,Route_B_Legacy,1968,pending,success,pending,pending,,,,structured_status,1.0,2026-03-22T12:00:41.729907+00:00
jae_54f332a9b91c,/Volumes/Clemons_Data/_Anchors/Research_Data/JAE_Legacy_Audit/data/raw/Route_B_Legacy/1968/10.5032_jaatea.1968.02019.pdf,10.5032_jaatea.1968.02019.pdf,Route_B_Legacy,1968,pending,success,pending,pending,,,,structured_status,1.0,2026-03-22T12:00:44.049592+00:00
jae_b728c802d53d,/Volumes/Clemons_Data/_Anchors/Research_Data/JAE_Legacy_Audit/data/raw/Route_B_Legacy/1968/10.5032_jaatea.1968.02020.pdf,10.5032_jaatea.1968.02020.pdf,Route_B_Legacy,1968,pending,success,pending,pending,,,,structured_status,1.0,2026-03-22T12:00:49.074013+00:00
jae_426fee087d93,/Volumes/Clemons_Data/_Anchors/Research_Data/JAE_Legacy_Audit/data/raw/Route_B_Legacy/1968/10.5032_jaatea.1968.02023.pdf,10.5032_jaatea.1968.02023.pdf,Route_B_Legacy,1968,pending,success,pending,pending,,,,structured_status,1.0,2026-03-22T12:01:00.854694+00:00
jae_78de0128f411,/Volumes/Clemons_Data/_Anchors/Research_Data/JAE_Legacy_Audit/data/raw/Route_B_Legacy/1968/10.5032_jaatea.1968.02029.pdf,10.5032_jaatea.1968.02029.pdf,Route_B_Legacy,1968,pending,success,pending,pending,,,,structured_status,1.0,2026-03-22T12:01:06.653590+00:00
jae_40ceca24a927,/Volumes/Clemons_Data/_Anchors/Research_Data/JAE_Legacy_Audit/data/raw/Route_B_Legacy/1969/10.5032_jaatea.1969.01001.pdf,10.5032_jaatea.1969.01001.pdf,Route_B_Legacy,1969,pending,success,pending,pending,,,,structured_status,1.0,2026-03-22T12:01:08.859508+00:00
jae_20e39e266418,/Volumes/Clemons_Data/_Anchors/Research_Data/JAE_Legacy_Audit/data/raw/Route_B_Legacy/1969/10.5032_jaatea.1969.01002.pdf,10.5032_jaatea.1969.01002.pdf,Route_B_Legacy,1969,pending,success,pending,pending,,,,structured_status,1.0,2026-03-22T12:01:12.868174+00:00
jae_954cb5a7fe63,/Volumes/Clemons_Data/_Anchors/Research_Data/JAE_Legacy_Audit/data/raw/Route_B_Legacy/1969/10.5032_jaatea.1969.01003.pdf,10.5032_jaatea.1969.01003.pdf,Route_B_Legacy,1969,pending,success,pending,pending,,,,structured_status,1.0,2026-03-22T12:01:24.090152+00:00
jae_bd19d1b6ef25,/Volumes/Clemons_Data/_Anchors/Research_Data/JAE_Legacy_Audit/data/raw/Route_B_Legacy/1969/10.5032_jaatea.1969.01008.pdf,10.5032_jaatea.1969.01008.pdf,Route_B_Legacy,1969,pending,success,pending,pending,,,,structured_status,1.0,2026-03-22T12:01:28.328296+00:00
jae_0088bdc12fd3,/Volumes/Clemons_Data/_Anchors/Research_Data/JAE_Legacy_Audit/data/raw/Route_B_Legacy/1969/10.5032_jaatea.1969.01009.pdf,10.5032_jaatea.1969.01009.pdf,Route_B_Legacy,1969,pending,success,pending,pending,,,,structured_status,1.0,2026-03-22T12:01:45.460272+00:00
jae_f5a01d69724a,/Volumes/Clemons_Data/_Anchors/Research_Data/JAE_Legacy_Audit/data/raw/Route_B_Legacy/1969/10.5032_jaatea.1969.01016.pdf,10.5032_jaatea.1969.01016.pdf,Route_B_Legacy,1969,pending,success,pending,pending,,,,structured_status,1.0,2026-03-22T12:01:54.689114+00:00
jae_c69505b51e9a,/Volumes/Clemons_Data/_Anchors/Research_Data/JAE_Legacy_Audit/data/raw/Route_B_Legacy/1969/10.5032_jaatea.1969.01020.pdf,10.5032_jaatea.1969.01020.pdf,Route_B_Legacy,1969,pending,success,pending,pending,,,,structured_status,1.0,2026-03-22T12:02:01.450966+00:00
jae_2750f3c74335,/Volumes/Clemons_Data/_Anchors/Research_Data/JAE_Legacy_Audit/data/raw/Route_B_Legacy/1969/10.5032_jaatea.1969.01022.pdf,10.5032_jaatea.1969.01022.pdf,Route_B_Legacy,1969,pending,success,pending,pending,,,,structured_status,1.0,2026-03-22T12:02:13.194201+00:00
jae_60bd515ab75e,/Volumes/Clemons_Data/_Anchors/Research_Data/JAE_Legacy_Audit/data/raw/Route_B_Legacy/1969/10.5032_jaatea.1969.01027.pdf,10.5032_jaatea.1969.01027.pdf,Route_B_Legacy,1969,pending,success,pending,pending,,,,structured_status,1.0,2026-03-22T12:02:22.521313+00:00
jae_816d5df24ca8,/Volumes/Clemons_Data/_Anchors/Research_Data/JAE_Legacy_Audit/data/raw/Route_B_Legacy/1969/10.5032_jaatea.1969.01031.pdf,10.5032_jaatea.1969.01031.pdf,Route_B_Legacy,1969,pending,success,pending,pending,,,,structured_status,1.0,2026-03-22T12:02:26.993825+00:00
jae_effccab6b24b,/Volumes/Clemons_Data/_Anchors/Research_Data/JAE_Legacy_Audit/data/raw/Route_B_Legacy/1969/10.5032_jaatea.1969.01032.pdf,10.5032_jaatea.1969.01032.pdf,Route_B_Legacy,1969,pending,success,pending,pending,,,,structured_status,1.0,2026-03-22T12:02:30.898184+00:00
jae_e1d32668ea2d,/Volumes/Clemons_Data/_Anchors/Research_Data/JAE_Legacy_Audit/data/raw/Route_B_Legacy/1969/10.5032_jaatea.1969.02001.pdf,10.5032_jaatea.1969.02001.pdf,Route_B_Legacy,1969,pending,success,pending,pending,,,,structured_status,1.0,2026-03-22T12:02:56.445226+00:00
jae_2607982b5405,/Volumes/Clemons_Data/_Anchors/Research_Data/JAE_Legacy_Audit/data/raw/Route_B_Legacy/1969/10.5032_jaatea.1969.02011.pdf,10.5032_jaatea.1969.02011.pdf,Route_B_Legacy,1969,pending,success,pending,pending,,,,structured_status,1.0,2026-03-22T12:03:09.603825+00:00
jae_b88e21f44364,/Volumes/Clemons_Data/_Anchors/Research_Data/JAE_Legacy_Audit/data/raw/Route_B_Legacy/1969/10.5032_jaatea.1969.02017.pdf,10.5032_jaatea.1969.02017.pdf,Route_B_Legacy,1969,pending,success,pending,pending,,,,structured_status,1.0,2026-03-22T12:03:18.627087+00:00
jae_6d9f342255ee,/Volumes/Clemons_Data/_Anchors/Research_Data/JAE_Legacy_Audit/data/raw/Route_B_Legacy/1969/10.5032_jaatea.1969.02021.pdf,10.5032_jaatea.1969.02021.pdf,Route_B_Legacy,1969,pending,success,pending,pending,,,,structured_status,1.0,2026-03-22T12:03:28.081398+00:00
jae_6d80941ce98f,/Volumes/Clemons_Data/_Anchors/Research_Data/JAE_Legacy_Audit/data/raw/Route_B_Legacy/1969/10.5032_jaatea.1969.02026.pdf,10.5032_jaatea.1969.02026.pdf,Route_B_Legacy,1969,pending,success,pending,pending,,,,structured_status,1.0,2026-03-22T12:03:32.706494+00:00
jae_932668fe117b,/Volumes/Clemons_Data/_Anchors/Research_Data/JAE_Legacy_Audit/data/raw/Route_B_Legacy/1969/10.5032_jaatea.1969.02028.pdf,10.5032_jaatea.1969.02028.pdf,Route_B_Legacy,1969,pending,success,pending,pending,,,,structured_status,1.0,2026-03-22T12:03:42.792209+00:00
jae_37bd271475bc,/Volumes/Clemons_Data/_Anchors/Research_Data/JAE_Legacy_Audit/data/raw/Route_B_Legacy/1969/10.5032_jaatea.1969.02032.pdf,10.5032_jaatea.1969.02032.pdf,Route_B_Legacy,1969,pending,success,pending,pending,,,,structured_status,1.0,2026-03-22T12:03:58.661772+00:00
jae_49ac0b1af69d,/Volumes/Clemons_Data/_Anchors/Research_Data/JAE_Legacy_Audit/data/raw/Route_B_Legacy/1969/10.5032_jaatea.1969.02039.pdf,10.5032_jaatea.1969.02039.pdf,Route_B_Legacy,1969,pending,success,pending,pending,,,,structured_status,1.0,2026-03-22T12:04:09.990343+00:00
